disease_keggId	gene_keggId
ds:H00238	hsa:2187
ds:H01367	hsa:55687
ds:H01439	hsa:26608
ds:H01511	hsa:2205
ds:H00688	hsa:1453
ds:H01347	hsa:4564
ds:H00515	hsa:1836
ds:H00057	hsa:4929
ds:H00237	hsa:90121
ds:H00577	hsa:546
ds:H00036	hsa:59
ds:H01618	hsa:83550
ds:H00473	hsa:4720
ds:H01621	hsa:3777
ds:H01591	hsa:3815
ds:H01347	hsa:4567
ds:H00238	hsa:2176
ds:H01210	hsa:149461
ds:H00085	hsa:84230
ds:H00259	hsa:3291
ds:H00473	hsa:6389
ds:H01363	hsa:4508
ds:H01514	hsa:2903
ds:H00937	hsa:84634
ds:H01600	hsa:8867
ds:H00051	hsa:79058
ds:H00787	hsa:60506
ds:H00104	hsa:3075
ds:H00894	hsa:8573
ds:H00577	hsa:50814
ds:H00032	hsa:5468
ds:H01217	hsa:9180
ds:H01209	hsa:5631
ds:H00014	hsa:1029
ds:H01805	hsa:6499
ds:H01726	hsa:8526
ds:H00819	hsa:6785
ds:H00770	hsa:1145
ds:H00469	hsa:4358
ds:H00612	hsa:134430
ds:H00999	hsa:51004
ds:H01883	hsa:8815
ds:H00068	hsa:4535
ds:H00058	hsa:400916
ds:H00894	hsa:2316
ds:H00174	hsa:55788
ds:H00845	hsa:2934
ds:H01601	hsa:3662
ds:H00792	hsa:22930
ds:H00363	hsa:23765
ds:H01667	hsa:5015
ds:H00119	hsa:22796
ds:H00149	hsa:5538
ds:H00042	hsa:5728
ds:H00720	hsa:3762
ds:H01800	hsa:22827
ds:H00770	hsa:1134
ds:H01820	hsa:5573
ds:H00536	hsa:4854
ds:H00769	hsa:10243
ds:H00205	hsa:5194
ds:H00904	hsa:8425
ds:H00102	hsa:717
ds:H00656	hsa:4625
ds:H00017	hsa:4843
ds:H00058	hsa:283
ds:H01006	hsa:710
ds:H01354	hsa:6834
ds:H00009	hsa:3939
ds:H00015	hsa:3479
ds:H00023	hsa:3945
ds:H00573	hsa:6299
ds:H01903	hsa:79581
ds:H01593	hsa:7471
ds:H00093	hsa:84876
ds:H00223	hsa:5627
ds:H00556	hsa:9723
ds:H00509	hsa:9820
ds:H01202	hsa:5309
ds:H00055	hsa:898
ds:H01554	hsa:2064
ds:H00168	hsa:283652
ds:H01103	hsa:5265
ds:H00118	hsa:91869
ds:H01599	hsa:81608
ds:H01667	hsa:8312
ds:H00246	hsa:846
ds:H00031	hsa:4582
ds:H00058	hsa:54822
ds:H01565	hsa:10560
ds:H00564	hsa:115948
ds:H00527	hsa:375298
ds:H01305	hsa:8604
ds:H01358	hsa:256076
ds:H00403	hsa:2074
ds:H00916	hsa:627
ds:H00251	hsa:2299
ds:H00247	hsa:1027
ds:H00069	hsa:2992
ds:H00251	hsa:5172
ds:H00485	hsa:1855
ds:H00669	hsa:3728
ds:H00533	hsa:2658
ds:H00221	hsa:90411
ds:H00590	hsa:1291
ds:H00144	hsa:57192
ds:H00103	hsa:730
ds:H00606	hsa:1759
ds:H00069	hsa:2632
ds:H00527	hsa:768206
ds:H01027	hsa:9573
ds:H00775	hsa:477
ds:H00594	hsa:4703
ds:H00042	hsa:5159
ds:H01891	hsa:55280
ds:H00656	hsa:2273
ds:H00058	hsa:25978
ds:H00065	hsa:2670
ds:H00080	hsa:959
ds:H01572	hsa:9871
ds:H00091	hsa:3561
ds:H00455	hsa:1778
ds:H01001	hsa:57545
ds:H00092	hsa:5897
ds:H00002	hsa:4609
ds:H00507	hsa:1736
ds:H00098	hsa:4688
ds:H01034	hsa:3897
ds:H01029	hsa:11081
ds:H00808	hsa:2554
ds:H00674	hsa:51251
ds:H01778	hsa:1293
ds:H01864	hsa:9049
ds:H00423	hsa:410
ds:H01358	hsa:3656
ds:H00199	hsa:1807
ds:H00897	hsa:55275
ds:H00410	hsa:1056
ds:H01263	hsa:6331
ds:H00607	hsa:50846
ds:H00487	hsa:1747
ds:H01369	hsa:4508
ds:H00419	hsa:284119
ds:H00480	hsa:2664
ds:H00604	hsa:2707
ds:H01667	hsa:4771
ds:H00473	hsa:4539
ds:H01852	hsa:2737
ds:H01243	hsa:57338
ds:H01391	hsa:8989
ds:H00067	hsa:2395
ds:H01489	hsa:23556
ds:H00164	hsa:1373
ds:H00038	hsa:1019
ds:H00932	hsa:11330
ds:H01852	hsa:7700
ds:H00469	hsa:5428
ds:H01723	hsa:462
ds:H00606	hsa:3704
ds:H00960	hsa:83959
ds:H00608	hsa:6770
ds:H00779	hsa:79955
ds:H00081	hsa:7252
ds:H00264	hsa:59345
ds:H00673	hsa:170691
ds:H01109	hsa:64170
ds:H00810	hsa:2055
ds:H00593	hsa:79147
ds:H00593	hsa:11149
ds:H01673	hsa:3857
ds:H00036	hsa:7430
ds:H00069	hsa:2997
ds:H01247	hsa:501
ds:H00564	hsa:51314
ds:H00014	hsa:29126
ds:H00725	hsa:3784
ds:H01657	hsa:5800
ds:H00436	hsa:10312
ds:H00188	hsa:10157
ds:H00137	hsa:6609
ds:H01692	hsa:7249
ds:H00684	hsa:3868
ds:H01233	hsa:131669
ds:H00139	hsa:4125
ds:H00034	hsa:4221
ds:H00552	hsa:1756
ds:H00983	hsa:5345
ds:H00604	hsa:9132
ds:H01111	hsa:3290
ds:H01892	hsa:10360
ds:H01673	hsa:362
ds:H01400	hsa:1376
ds:H00002	hsa:4851
ds:H00255	hsa:26012
ds:H00631	hsa:5885
ds:H00708	hsa:3861
ds:H00080	hsa:3560
ds:H00768	hsa:56776
ds:H01743	hsa:5336
ds:H01755	hsa:2263
ds:H00725	hsa:3759
ds:H01389	hsa:5428
ds:H00679	hsa:9533
ds:H01601	hsa:56940
ds:H01489	hsa:93183
ds:H00594	hsa:7273
ds:H01667	hsa:324
ds:H01464	hsa:7157
ds:H00177	hsa:5194
ds:H01552	hsa:4552
ds:H00772	hsa:6335
ds:H00577	hsa:170302
ds:H00698	hsa:7138
ds:H00901	hsa:11136
ds:H01738	hsa:673
ds:H01740	hsa:8328
ds:H00079	hsa:3119
ds:H00080	hsa:718
ds:H00424	hsa:427
ds:H01276	hsa:2316
ds:H00246	hsa:79577
ds:H00083	hsa:7043
ds:H00093	hsa:4261
ds:H00668	hsa:2937
ds:H00831	hsa:478
ds:H00103	hsa:729
ds:H01862	hsa:5741
ds:H00849	hsa:2628
ds:H01359	hsa:3815
ds:H00167	hsa:2643
ds:H00773	hsa:2782
ds:H00038	hsa:3939
ds:H01839	hsa:10907
ds:H00264	hsa:3735
ds:H01593	hsa:799
ds:H00632	hsa:4838
ds:H01795	hsa:9968
ds:H01558	hsa:7345
ds:H00577	hsa:6855
ds:H00770	hsa:5913
ds:H01216	hsa:70
ds:H00445	hsa:1280
ds:H01368	hsa:1352
ds:H01869	hsa:72
ds:H00897	hsa:10978
ds:H00773	hsa:10664
ds:H00216	hsa:5447
ds:H00069	hsa:226
ds:H00027	hsa:10406
ds:H00541	hsa:6928
ds:H01911	hsa:6873
ds:H00265	hsa:667
ds:H00064	hsa:4361
ds:H00166	hsa:11234
ds:H00403	hsa:1161
ds:H00810	hsa:7957
ds:H00523	hsa:6654
ds:H00480	hsa:57502
ds:H01281	hsa:6309
ds:H01507	hsa:3106
ds:H00750	hsa:6303
ds:H01611	hsa:1813
ds:H00230	hsa:6708
ds:H00057	hsa:120892
ds:H00247	hsa:4221
ds:H01817	hsa:55325
ds:H01358	hsa:3596
ds:H00063	hsa:8913
ds:H01508	hsa:3815
ds:H01677	hsa:3897
ds:H00857	hsa:8313
ds:H00455	hsa:9217
ds:H00585	hsa:5339
ds:H00294	hsa:6389
ds:H00724	hsa:3860
ds:H00093	hsa:7535
ds:H00176	hsa:215
ds:H01205	hsa:1548
ds:H00688	hsa:8864
ds:H00265	hsa:22948
ds:H00292	hsa:7134
ds:H00481	hsa:157657
ds:H01342	hsa:9409
ds:H01498	hsa:26229
ds:H00480	hsa:347344
ds:H01509	hsa:4609
ds:H00717	hsa:3848
ds:H00970	hsa:57679
ds:H01502	hsa:3123
ds:H00043	hsa:4916
ds:H00014	hsa:634
ds:H01510	hsa:1909
ds:H01412	hsa:129563
ds:H00498	hsa:203859
ds:H00605	hsa:65217
ds:H01740	hsa:2812
ds:H01555	hsa:2026
ds:H00063	hsa:5173
ds:H00012	hsa:3717
ds:H01369	hsa:54968
ds:H00230	hsa:6710
ds:H01202	hsa:79443
ds:H01028	hsa:435
ds:H00589	hsa:8322
ds:H00786	hsa:1041
ds:H00174	hsa:5826
ds:H00891	hsa:498
ds:H01691	hsa:7248
ds:H00005	hsa:355
ds:H00021	hsa:7431
ds:H00032	hsa:7038
ds:H00513	hsa:3767
ds:H00918	hsa:55997
ds:H01574	hsa:9213
ds:H00473	hsa:7385
ds:H01346	hsa:641
ds:H00058	hsa:1639
ds:H00891	hsa:54931
ds:H01354	hsa:617
ds:H00604	hsa:1302
ds:H01227	hsa:64127
ds:H01510	hsa:3320
ds:H00759	hsa:6663
ds:H01359	hsa:3586
ds:H01160	hsa:6496
ds:H01398	hsa:383
ds:H00044	hsa:3880
ds:H01210	hsa:140803
ds:H00069	hsa:51422
ds:H01740	hsa:7450
ds:H00118	hsa:8813
ds:H00293	hsa:1832
ds:H01340	hsa:1303
ds:H00856	hsa:3508
ds:H01891	hsa:57231
ds:H01723	hsa:5627
ds:H00441	hsa:2778
ds:H00602	hsa:1585
ds:H01742	hsa:4205
ds:H00003	hsa:862
ds:H01358	hsa:6352
ds:H00014	hsa:27436
ds:H00033	hsa:4288
ds:H01601	hsa:10361
ds:H00880	hsa:103
ds:H00784	hsa:7421
ds:H00604	hsa:79977
ds:H00801	hsa:5592
ds:H00527	hsa:3420
ds:H01592	hsa:3265
ds:H00028	hsa:4193
ds:H00015	hsa:5155
ds:H00527	hsa:7439
ds:H00523	hsa:867
ds:H00920	hsa:84701
ds:H00572	hsa:157570
ds:H00266	hsa:9897
ds:H01347	hsa:4540
ds:H01672	hsa:4282
ds:H00147	hsa:10020
ds:H00734	hsa:7051
ds:H01271	hsa:2625
ds:H01667	hsa:7403
ds:H01694	hsa:3106
ds:H01219	hsa:7139
ds:H00292	hsa:7168
ds:H00282	hsa:91662
ds:H01288	hsa:9702
ds:H01738	hsa:867
ds:H01568	hsa:28952
ds:H00802	hsa:9509
ds:H00254	hsa:6658
ds:H00787	hsa:9187
ds:H00615	hsa:152816
ds:H00458	hsa:5447
ds:H00642	hsa:2263
ds:H00266	hsa:9907
ds:H00681	hsa:55851
ds:H00821	hsa:7099
ds:H01434	hsa:3426
ds:H01207	hsa:158326
ds:H00216	hsa:6770
ds:H00787	hsa:2779
ds:H01734	hsa:9401
ds:H01212	hsa:5274
ds:H01027	hsa:30062
ds:H01159	hsa:5080
ds:H00296	hsa:641
ds:H00100	hsa:2672
ds:H00172	hsa:1629
ds:H01342	hsa:55670
ds:H00021	hsa:2934
ds:H01299	hsa:729238
ds:H01159	hsa:5308
ds:H01762	hsa:226
ds:H01740	hsa:2811
ds:H00255	hsa:1848
ds:H00598	hsa:6736
ds:H00833	hsa:11152
ds:H00731	hsa:6324
ds:H00608	hsa:1717
ds:H00971	hsa:1261
ds:H00507	hsa:65057
ds:H00264	hsa:5376
ds:H01277	hsa:2694
ds:H00408	hsa:60468
ds:H00046	hsa:1029
ds:H00507	hsa:55505
ds:H00605	hsa:2706
ds:H00079	hsa:929
ds:H01868	hsa:8642
ds:H00068	hsa:4512
ds:H01202	hsa:7466
ds:H01700	hsa:9095
ds:H01601	hsa:10360
ds:H00891	hsa:91574
ds:H01360	hsa:929
ds:H01657	hsa:2013
ds:H01333	hsa:80339
ds:H01861	hsa:25942
ds:H00252	hsa:554
ds:H00527	hsa:10461
ds:H00408	hsa:1594
ds:H01760	hsa:5261
ds:H00089	hsa:3593
ds:H00858	hsa:55806
ds:H00118	hsa:5373
ds:H01203	hsa:4053
ds:H00208	hsa:1244
ds:H00002	hsa:613
ds:H01740	hsa:2815
ds:H01272	hsa:1482
ds:H01700	hsa:5308
ds:H00015	hsa:3854
ds:H00043	hsa:3948
ds:H01511	hsa:23430
ds:H00031	hsa:5728
ds:H00118	hsa:79644
ds:H00085	hsa:56262
ds:H01784	hsa:64788
ds:H00265	hsa:10558
ds:H00549	hsa:182
ds:H01593	hsa:5358
ds:H00058	hsa:29978
ds:H00015	hsa:7157
ds:H01666	hsa:4893
ds:H00107	hsa:331
ds:H00457	hsa:6578
ds:H00005	hsa:3945
ds:H00593	hsa:8557
ds:H00773	hsa:1917
ds:H00264	hsa:26353
ds:H00523	hsa:8036
ds:H00698	hsa:10324
ds:H01413	hsa:285203
ds:H00198	hsa:7372
ds:H00516	hsa:7341
ds:H01812	hsa:5133
ds:H00593	hsa:22954
ds:H00605	hsa:125336
ds:H01185	hsa:1471
ds:H00015	hsa:3852
ds:H00409	hsa:5167
ds:H00182	hsa:1491
ds:H00814	hsa:7439
ds:H00238	hsa:55120
ds:H00591	hsa:23347
ds:H00181	hsa:56922
ds:H00563	hsa:23224
ds:H00821	hsa:629
ds:H00759	hsa:1908
ds:H01799	hsa:30817
ds:H00266	hsa:23111
ds:H00813	hsa:3909
ds:H00003	hsa:3845
ds:H00107	hsa:6899
ds:H01573	hsa:3756
ds:H00254	hsa:5449
ds:H00036	hsa:1030
ds:H01351	hsa:10939
ds:H01428	hsa:5429
ds:H01632	hsa:1152
ds:H00083	hsa:3458
ds:H01633	hsa:3291
ds:H00528	hsa:257
ds:H00266	hsa:80208
ds:H00810	hsa:4558
ds:H00235	hsa:1727
ds:H00593	hsa:55624
ds:H00002	hsa:4066
ds:H00464	hsa:4010
ds:H01358	hsa:64127
ds:H01489	hsa:93210
ds:H00737	hsa:1041
ds:H00728	hsa:6331
ds:H00016	hsa:6774
ds:H00569	hsa:2245
ds:H00410	hsa:2645
ds:H00856	hsa:26353
ds:H00084	hsa:7133
ds:H01867	hsa:9096
ds:H01488	hsa:84992
ds:H00011	hsa:5079
ds:H00547	hsa:78987
ds:H00057	hsa:65018
ds:H00261	hsa:79867
ds:H00905	hsa:340024
ds:H00344	hsa:3107
ds:H00615	hsa:286077
ds:H00099	hsa:3689
ds:H00231	hsa:2035
ds:H00084	hsa:3558
ds:H00527	hsa:4901
ds:H00593	hsa:6442
ds:H00016	hsa:4609
ds:H01205	hsa:2677
ds:H01881	hsa:7283
ds:H00773	hsa:23040
ds:H00264	hsa:7415
ds:H00223	hsa:7056
ds:H00577	hsa:57526
ds:H00525	hsa:1374
ds:H00081	hsa:1081
ds:H01780	hsa:6329
ds:H00759	hsa:5077
ds:H01593	hsa:55366
ds:H00418	hsa:54585
ds:H00506	hsa:387733
ds:H00832	hsa:7504
ds:H00255	hsa:3814
ds:H00266	hsa:3798
ds:H00864	hsa:114798
ds:H01888	hsa:51715
ds:H01677	hsa:440193
ds:H01202	hsa:1419
ds:H00267	hsa:6496
ds:H00099	hsa:55343
ds:H01356	hsa:4574
ds:H01400	hsa:5832
ds:H00696	hsa:1075
ds:H00222	hsa:2243
ds:H00069	hsa:5213
ds:H01211	hsa:4204
ds:H00609	hsa:268
ds:H01635	hsa:344
ds:H00847	hsa:7476
ds:H00266	hsa:3897
ds:H00616	hsa:10436
ds:H00178	hsa:2110
ds:H01891	hsa:23345
ds:H00264	hsa:8898
ds:H00027	hsa:7157
ds:H00072	hsa:1738
ds:H00933	hsa:5645
ds:H00108	hsa:841
ds:H00027	hsa:335
ds:H00538	hsa:80184
ds:H00084	hsa:3557
ds:H01398	hsa:435
ds:H00507	hsa:5073
ds:H00826	hsa:668
ds:H00768	hsa:288
ds:H00004	hsa:2122
ds:H01510	hsa:5979
ds:H01020	hsa:84233
ds:H01705	hsa:7466
ds:H00808	hsa:57465
ds:H01394	hsa:5167
ds:H00033	hsa:1027
ds:H01513	hsa:1029
ds:H00090	hsa:2214
ds:H00408	hsa:2065
ds:H00019	hsa:4089
ds:H00344	hsa:7097
ds:H00260	hsa:5573
ds:H00437	hsa:4982
ds:H00698	hsa:4703
ds:H00513	hsa:5325
ds:H00769	hsa:2741
ds:H01356	hsa:4567
ds:H01352	hsa:3032
ds:H00458	hsa:3845
ds:H00473	hsa:4724
ds:H01036	hsa:28982
ds:H00041	hsa:596
ds:H00729	hsa:6331
ds:H00043	hsa:4613
ds:H00058	hsa:203228
ds:H00725	hsa:3757
ds:H00163	hsa:3081
ds:H01827	hsa:26610
ds:H00550	hsa:2657
ds:H00729	hsa:10021
ds:H00808	hsa:114327
ds:H01358	hsa:10392
ds:H01308	hsa:84282
ds:H00660	hsa:2201
ds:H01133	hsa:3930
ds:H00770	hsa:4593
ds:H00473	hsa:4729
ds:H00874	hsa:6342
ds:H01195	hsa:3239
ds:H01195	hsa:5728
ds:H00511	hsa:4750
ds:H00743	hsa:6329
ds:H01112	hsa:92335
ds:H01510	hsa:6391
ds:H00606	hsa:6792
ds:H00876	hsa:2956
ds:H01027	hsa:54880
ds:H00403	hsa:2068
ds:H01914	hsa:10479
ds:H00564	hsa:55036
ds:H00525	hsa:34
ds:H00609	hsa:122042
ds:H00770	hsa:375790
ds:H00421	hsa:411
ds:H00469	hsa:1890
ds:H00623	hsa:4853
ds:H00722	hsa:3857
ds:H00408	hsa:3119
ds:H01901	hsa:51008
ds:H01260	hsa:2335
ds:H01398	hsa:5009
ds:H01908	hsa:389827
ds:H00005	hsa:3939
ds:H00821	hsa:84839
ds:H00473	hsa:137682
ds:H00033	hsa:2771
ds:H01400	hsa:2752
ds:H00792	hsa:22931
ds:H00837	hsa:145226
ds:H00810	hsa:4567
ds:H00533	hsa:4089
ds:H00833	hsa:83636
ds:H01304	hsa:54716
ds:H00056	hsa:5664
ds:H01510	hsa:6392
ds:H00025	hsa:1029
ds:H00232	hsa:3783
ds:H01749	hsa:2261
ds:H01784	hsa:344
ds:H00264	hsa:81846
ds:H00562	hsa:4618
ds:H00521	hsa:860
ds:H00580	hsa:50485
ds:H00819	hsa:24
ds:H01488	hsa:84720
ds:H01234	hsa:2328
ds:H00606	hsa:57526
ds:H00246	hsa:5741
ds:H00695	hsa:57152
ds:H00802	hsa:715
ds:H01277	hsa:8029
ds:H01400	hsa:2108
ds:H01243	hsa:5621
ds:H00068	hsa:4519
ds:H00044	hsa:3875
ds:H01583	hsa:8942
ds:H00434	hsa:7040
ds:H00476	hsa:1298
ds:H01630	hsa:7021
ds:H01754	hsa:2261
ds:H01396	hsa:59
ds:H01132	hsa:7012
ds:H00605	hsa:222662
ds:H00458	hsa:6938
ds:H00564	hsa:93233
ds:H00940	hsa:157680
ds:H00856	hsa:81545
ds:H00084	hsa:3569
ds:H01791	hsa:10743
ds:H00436	hsa:440456
ds:H00038	hsa:3945
ds:H00295	hsa:7137
ds:H00593	hsa:825
ds:H00271	hsa:9289
ds:H01762	hsa:2027
ds:H00166	hsa:79803
ds:H00598	hsa:6663
ds:H01264	hsa:3431
ds:H00698	hsa:7170
ds:H00606	hsa:2257
ds:H00511	hsa:79659
ds:H00831	hsa:63982
ds:H00926	hsa:79068
ds:H01513	hsa:5925
ds:H00294	hsa:7134
ds:H00426	hsa:5660
ds:H00658	hsa:10075
ds:H00513	hsa:346171
ds:H01282	hsa:2516
ds:H01502	hsa:6775
ds:H00532	hsa:5921
ds:H00577	hsa:57477
ds:H00018	hsa:898
ds:H00552	hsa:2710
ds:H01252	hsa:113235
ds:H01025	hsa:4595
ds:H01740	hsa:1729
ds:H00530	hsa:51259
ds:H00439	hsa:51119
ds:H00739	hsa:6768
ds:H01354	hsa:4705
ds:H01354	hsa:6389
ds:H01216	hsa:11155
ds:H01911	hsa:81562
ds:H00593	hsa:10049
ds:H01354	hsa:55967
ds:H00833	hsa:80025
ds:H00730	hsa:1804
ds:H00166	hsa:89781
ds:H00810	hsa:1476
ds:H01904	hsa:3052
ds:H00265	hsa:65125
ds:H00533	hsa:2022
ds:H01825	hsa:2879
ds:H00707	hsa:3848
ds:H00458	hsa:51715
ds:H00342	hsa:3460
ds:H00624	hsa:8647
ds:H00754	hsa:6901
ds:H01762	hsa:5236
ds:H00985	hsa:5994
ds:H01118	hsa:291
ds:H00209	hsa:538
ds:H01649	hsa:1116
ds:H00537	hsa:7369
ds:H01360	hsa:1232
ds:H00268	hsa:170302
ds:H00931	hsa:6777
ds:H00661	hsa:2200
ds:H00686	hsa:158326
ds:H00710	hsa:2707
ds:H01200	hsa:388753
ds:H00604	hsa:4640
ds:H00530	hsa:57545
ds:H00166	hsa:3257
ds:H01762	hsa:2997
ds:H00216	hsa:1586
ds:H00204	hsa:5828
ds:H00410	hsa:3172
ds:H00626	hsa:7225
ds:H00292	hsa:4634
ds:H01341	hsa:1291
ds:H00779	hsa:64072
ds:H00774	hsa:6335
ds:H01022	hsa:6389
ds:H01489	hsa:55650
ds:H00802	hsa:7148
ds:H00878	hsa:8635
ds:H00814	hsa:5961
ds:H01611	hsa:125
ds:H00022	hsa:2266
ds:H00019	hsa:3845
ds:H00606	hsa:23229
ds:H00265	hsa:4803
ds:H00627	hsa:2492
ds:H00935	hsa:9244
ds:H00010	hsa:896
ds:H00004	hsa:5925
ds:H00409	hsa:3087
ds:H00264	hsa:4359
ds:H01202	hsa:4047
ds:H00155	hsa:3949
ds:H00094	hsa:3978
ds:H01269	hsa:7253
ds:H01892	hsa:10361
ds:H00897	hsa:79042
ds:H01740	hsa:3690
ds:H00184	hsa:132
ds:H00214	hsa:8074
ds:H00037	hsa:2308
ds:H00181	hsa:64087
ds:H01593	hsa:1277
ds:H00093	hsa:5994
ds:H00271	hsa:25914
ds:H00742	hsa:9076
ds:H00840	hsa:100506658
ds:H00017	hsa:7157
ds:H00074	hsa:443
ds:H00153	hsa:7391
ds:H00018	hsa:7039
ds:H01510	hsa:4149
ds:H00436	hsa:8792
ds:H00079	hsa:3123
ds:H01008	hsa:10225
ds:H00735	hsa:2312
ds:H01889	hsa:81620
ds:H00273	hsa:1513
ds:H00294	hsa:4625
ds:H00773	hsa:84623
ds:H00294	hsa:8557
ds:H00527	hsa:5148
ds:H00891	hsa:11222
ds:H00768	hsa:11253
ds:H00523	hsa:5781
ds:H00408	hsa:23274
ds:H00254	hsa:5626
ds:H00100	hsa:1991
ds:H00811	hsa:63895
ds:H00471	hsa:8626
ds:H00266	hsa:6687
ds:H01279	hsa:27034
ds:H00227	hsa:7066
ds:H00722	hsa:3848
ds:H01174	hsa:2984
ds:H00403	hsa:2073
ds:H00256	hsa:56246
ds:H00030	hsa:2064
ds:H01738	hsa:5781
ds:H00478	hsa:6638
ds:H00499	hsa:2317
ds:H00527	hsa:23418
ds:H00608	hsa:3973
ds:H01428	hsa:7507
ds:H00190	hsa:8659
ds:H00271	hsa:51807
ds:H00228	hsa:3040
ds:H01523	hsa:7456
ds:H00048	hsa:174
ds:H00025	hsa:5743
ds:H00206	hsa:4598
ds:H00217	hsa:6439
ds:H00286	hsa:6584
ds:H00810	hsa:54982
ds:H01351	hsa:92935
ds:H00040	hsa:1029
ds:H00003	hsa:3815
ds:H00507	hsa:7015
ds:H00917	hsa:146059
ds:H00977	hsa:7227
ds:H00606	hsa:57468
ds:H01186	hsa:79048
ds:H00527	hsa:1258
ds:H00410	hsa:4760
ds:H00768	hsa:80153
ds:H00577	hsa:116442
ds:H00523	hsa:4763
ds:H00831	hsa:1293
ds:H00085	hsa:3543
ds:H00831	hsa:7054
ds:H01600	hsa:6622
ds:H00069	hsa:5257
ds:H01556	hsa:4771
ds:H01742	hsa:4314
ds:H00810	hsa:4574
ds:H00254	hsa:2691
ds:H00024	hsa:367
ds:H01431	hsa:9049
ds:H00152	hsa:64241
ds:H00103	hsa:731
ds:H00606	hsa:4191
ds:H00026	hsa:4292
ds:H00238	hsa:2188
ds:H00264	hsa:22880
ds:H01219	hsa:1674
ds:H00267	hsa:2736
ds:H00918	hsa:2657
ds:H01398	hsa:162417
ds:H00978	hsa:6714
ds:H00527	hsa:10594
ds:H01508	hsa:1029
ds:H00282	hsa:114548
ds:H00016	hsa:1956
ds:H00805	hsa:10002
ds:H00992	hsa:5116
ds:H01872	hsa:10617
ds:H01171	hsa:1557
ds:H00218	hsa:1080
ds:H00141	hsa:2517
ds:H00537	hsa:80184
ds:H00546	hsa:7092
ds:H01413	hsa:3516
ds:H00559	hsa:595
ds:H01400	hsa:2109
ds:H00294	hsa:70
ds:H01657	hsa:79934
ds:H00658	hsa:6658
ds:H01605	hsa:811
ds:H00523	hsa:3845
ds:H01649	hsa:267012
ds:H01460	hsa:6487
ds:H00473	hsa:4722
ds:H00473	hsa:27089
ds:H00594	hsa:9782
ds:H01368	hsa:116228
ds:H00530	hsa:374654
ds:H00002	hsa:3195
ds:H01004	hsa:6899
ds:H01529	hsa:5243
ds:H01027	hsa:64220
ds:H00192	hsa:4337
ds:H00671	hsa:11005
ds:H01130	hsa:114902
ds:H00118	hsa:9526
ds:H01773	hsa:10815
ds:H01158	hsa:55806
ds:H00728	hsa:775
ds:H00471	hsa:51776
ds:H01368	hsa:1355
ds:H00800	hsa:7042
ds:H01354	hsa:10128
ds:H00250	hsa:7253
ds:H00617	hsa:1718
ds:H00476	hsa:1299
ds:H00609	hsa:269
ds:H01513	hsa:1009
ds:H01902	hsa:11107
ds:H01511	hsa:2207
ds:H00292	hsa:7137
ds:H00768	hsa:6884
ds:H00891	hsa:85476
ds:H01118	hsa:56652
ds:H01600	hsa:120892
ds:H01900	hsa:10059
ds:H00516	hsa:2260
ds:H01384	hsa:5428
ds:H00666	hsa:6794
ds:H00166	hsa:8546
ds:H00792	hsa:128637
ds:H00052	hsa:466
ds:H00092	hsa:5896
ds:H00032	hsa:10342
ds:H01485	hsa:80055
ds:H00802	hsa:1277
ds:H00615	hsa:3694
ds:H00516	hsa:7043
ds:H00080	hsa:7124
ds:H00845	hsa:335
ds:H00058	hsa:57679
ds:H00856	hsa:10280
ds:H00610	hsa:6949
ds:H00916	hsa:429
ds:H01668	hsa:2990
ds:H01780	hsa:1180
ds:H01159	hsa:5309
ds:H01815	hsa:23236
ds:H00285	hsa:64127
ds:H00066	hsa:2629
ds:H00608	hsa:1586
ds:H00776	hsa:90167
ds:H01205	hsa:79001
ds:H00606	hsa:79876
ds:H01262	hsa:10841
ds:H00421	hsa:3373
ds:H00025	hsa:7157
ds:H00029	hsa:4288
ds:H00054	hsa:1910
ds:H00185	hsa:445
ds:H00013	hsa:2026
ds:H00596	hsa:10020
ds:H01819	hsa:150094
ds:H00021	hsa:7157
ds:H00633	hsa:1123
ds:H00606	hsa:8120
ds:H00023	hsa:3939
ds:H00068	hsa:4541
ds:H00615	hsa:123041
ds:H00731	hsa:3741
ds:H01187	hsa:4286
ds:H00293	hsa:1824
ds:H00246	hsa:9247
ds:H01202	hsa:387700
ds:H00237	hsa:6204
ds:H01667	hsa:56884
ds:H00802	hsa:113189
ds:H01439	hsa:155382
ds:H00769	hsa:9152
ds:H00662	hsa:2200
ds:H00231	hsa:6521
ds:H00956	hsa:2934
ds:H00043	hsa:4915
ds:H00266	hsa:9420
ds:H01619	hsa:659
ds:H00891	hsa:57128
ds:H01489	hsa:84992
ds:H00003	hsa:4893
ds:H00251	hsa:6528
ds:H00787	hsa:345193
ds:H00031	hsa:634
ds:H00802	hsa:5351
ds:H00810	hsa:1200
ds:H01291	hsa:9499
ds:H00093	hsa:3932
ds:H00638	hsa:8626
ds:H00897	hsa:27445
ds:H00079	hsa:80332
ds:H00205	hsa:5830
ds:H00681	hsa:5663
ds:H00269	hsa:1911
ds:H00025	hsa:3265
ds:H00410	hsa:6927
ds:H00604	hsa:4627
ds:H00264	hsa:1785
ds:H00084	hsa:7043
ds:H00183	hsa:4552
ds:H01552	hsa:1827
ds:H00011	hsa:931
ds:H01434	hsa:718
ds:H00016	hsa:1029
ds:H00288	hsa:100507436
ds:H00119	hsa:147007
ds:H01508	hsa:1956
ds:H00773	hsa:283489
ds:H00223	hsa:462
ds:H00020	hsa:673
ds:H01738	hsa:4893
ds:H00606	hsa:6334
ds:H00537	hsa:284086
ds:H00054	hsa:23705
ds:H00593	hsa:203859
ds:H00007	hsa:943
ds:H00464	hsa:9496
ds:H00265	hsa:547
ds:H00606	hsa:6812
ds:H00590	hsa:55624
ds:H00741	hsa:10999
ds:H01866	hsa:659
ds:H01705	hsa:7007
ds:H01202	hsa:1414
ds:H00644	hsa:5317
ds:H01369	hsa:514
ds:H01763	hsa:210
ds:H00205	hsa:9409
ds:H00442	hsa:6662
ds:H00127	hsa:5660
ds:H00264	hsa:5631
ds:H00091	hsa:3575
ds:H00779	hsa:10083
ds:H00097	hsa:7852
ds:H00607	hsa:6736
ds:H00084	hsa:7042
ds:H00527	hsa:6121
ds:H01000	hsa:11277
ds:H01123	hsa:3158
ds:H00829	hsa:1540
ds:H00089	hsa:3594
ds:H00118	hsa:116150
ds:H00190	hsa:5625
ds:H00215	hsa:779
ds:H00080	hsa:3123
ds:H00527	hsa:6103
ds:H01640	hsa:1288
ds:H00704	hsa:8106
ds:H00854	hsa:7466
ds:H00930	hsa:19
ds:H00035	hsa:3945
ds:H01439	hsa:2969
ds:H00107	hsa:326
ds:H01020	hsa:80207
ds:H00008	hsa:931
ds:H00845	hsa:7276
ds:H00849	hsa:6535
ds:H00606	hsa:150094
ds:H01884	hsa:5332
ds:H00032	hsa:4893
ds:H00210	hsa:1356
ds:H00264	hsa:51668
ds:H00261	hsa:57545
ds:H00537	hsa:203286
ds:H00021	hsa:4288
ds:H00564	hsa:83538
ds:H00408	hsa:5588
ds:H00800	hsa:4088
ds:H01192	hsa:8985
ds:H01265	hsa:374654
ds:H01512	hsa:5604
ds:H00549	hsa:2627
ds:H01599	hsa:5156
ds:H00795	hsa:79755
ds:H00720	hsa:805
ds:H00575	hsa:5972
ds:H01403	hsa:6595
ds:H00916	hsa:8929
ds:H00175	hsa:5095
ds:H00530	hsa:9731
ds:H01274	hsa:3480
ds:H00932	hsa:6690
ds:H00605	hsa:10083
ds:H00775	hsa:6323
ds:H00831	hsa:774
ds:H00064	hsa:5111
ds:H00481	hsa:8842
ds:H00831	hsa:1861
ds:H01168	hsa:348
ds:H01913	hsa:10084
ds:H01296	hsa:5376
ds:H01511	hsa:3815
ds:H01172	hsa:57679
ds:H01228	hsa:3643
ds:H00106	hsa:1604
ds:H01027	hsa:4990
ds:H01760	hsa:2632
ds:H00527	hsa:25794
ds:H00094	hsa:3981
ds:H01213	hsa:64241
ds:H00821	hsa:3078
ds:H00590	hsa:79147
ds:H01342	hsa:5194
ds:H00891	hsa:56945
ds:H00476	hsa:4148
ds:H00694	hsa:1184
ds:H00088	hsa:931
ds:H01256	hsa:5080
ds:H00250	hsa:1482
ds:H01668	hsa:7422
ds:H00856	hsa:65055
ds:H00605	hsa:11078
ds:H00891	hsa:57570
ds:H01709	hsa:2908
ds:H00041	hsa:7157
ds:H00006	hsa:7157
ds:H00673	hsa:81794
ds:H00687	hsa:80144
ds:H00211	hsa:148738
ds:H00679	hsa:51501
ds:H00260	hsa:8622
ds:H00682	hsa:80067
ds:H00293	hsa:79188
ds:H00992	hsa:55835
ds:H01668	hsa:93659
ds:H01347	hsa:4535
ds:H00085	hsa:974
ds:H01434	hsa:629
ds:H00286	hsa:64127
ds:H01194	hsa:415
ds:H00098	hsa:1536
ds:H00091	hsa:919
ds:H01742	hsa:1524
ds:H00072	hsa:1737
ds:H00640	hsa:8626
ds:H00978	hsa:7454
ds:H00481	hsa:83394
ds:H00512	hsa:3630
ds:H00475	hsa:60529
ds:H00507	hsa:55135
ds:H01463	hsa:1029
ds:H01362	hsa:3119
ds:H01870	hsa:54820
ds:H01902	hsa:84627
ds:H00017	hsa:595
ds:H01509	hsa:1029
ds:H00403	hsa:404672
ds:H00879	hsa:1639
ds:H00800	hsa:7043
ds:H00262	hsa:4552
ds:H01272	hsa:2697
ds:H00025	hsa:4318
ds:H01466	hsa:3586
ds:H00069	hsa:5261
ds:H01892	hsa:4869
ds:H00296	hsa:7486
ds:H01794	hsa:23522
ds:H01894	hsa:122961
ds:H00458	hsa:1947
ds:H00670	hsa:3892
ds:H01439	hsa:5982
ds:H01738	hsa:6655
ds:H00806	hsa:3786
ds:H00527	hsa:7399
ds:H01763	hsa:7390
ds:H00607	hsa:1109
ds:H01815	hsa:57465
ds:H00020	hsa:4437
ds:H00501	hsa:2778
ds:H00458	hsa:2260
ds:H00916	hsa:1908
ds:H00294	hsa:4624
ds:H00403	hsa:1642
ds:H00557	hsa:30008
ds:H00577	hsa:8573
ds:H01813	hsa:2562
ds:H00773	hsa:8289
ds:H01819	hsa:79751
ds:H00821	hsa:83872
ds:H00530	hsa:5147
ds:H01868	hsa:2316
ds:H00606	hsa:25977
ds:H00838	hsa:401
ds:H01019	hsa:6262
ds:H01814	hsa:1063
ds:H01360	hsa:2212
ds:H01245	hsa:8517
ds:H00003	hsa:1050
ds:H01613	hsa:2033
ds:H00057	hsa:26058
ds:H01728	hsa:8516
ds:H00605	hsa:220074
ds:H00734	hsa:6768
ds:H01235	hsa:51206
ds:H00530	hsa:56623
ds:H01136	hsa:1369
ds:H00734	hsa:126410
ds:H00294	hsa:1756
ds:H00786	hsa:55806
ds:H00801	hsa:7046
ds:H00606	hsa:5602
ds:H01258	hsa:3778
ds:H01815	hsa:57468
ds:H00261	hsa:27031
ds:H00344	hsa:3134
ds:H00118	hsa:10195
ds:H01877	hsa:4308
ds:H01127	hsa:93183
ds:H01342	hsa:5193
ds:H01815	hsa:57582
ds:H00516	hsa:2952
ds:H00080	hsa:3559
ds:H01400	hsa:763
ds:H00010	hsa:2261
ds:H00476	hsa:1836
ds:H00469	hsa:92667
ds:H01013	hsa:2651
ds:H00627	hsa:668
ds:H00033	hsa:4158
ds:H00564	hsa:55130
ds:H01368	hsa:22868
ds:H00838	hsa:84570
ds:H00589	hsa:4693
ds:H00768	hsa:54862
ds:H01198	hsa:6569
ds:H00237	hsa:6234
ds:H01508	hsa:4916
ds:H00586	hsa:3655
ds:H00856	hsa:57449
ds:H00057	hsa:5071
ds:H00806	hsa:6326
ds:H00265	hsa:51062
ds:H00473	hsa:1537
ds:H00886	hsa:4036
ds:H01885	hsa:894
ds:H00759	hsa:1910
ds:H00261	hsa:80776
ds:H00831	hsa:6872
ds:H00033	hsa:7157
ds:H00266	hsa:9197
ds:H00605	hsa:64699
ds:H00806	hsa:3785
ds:H00527	hsa:1259
ds:H00824	hsa:4907
ds:H01360	hsa:163702
ds:H00264	hsa:4311
ds:H01889	hsa:23594
ds:H00238	hsa:5889
ds:H00525	hsa:35
ds:H00418	hsa:585
ds:H00484	hsa:9241
ds:H01395	hsa:5428
ds:H00768	hsa:79791
ds:H00564	hsa:54768
ds:H01705	hsa:9132
ds:H00237	hsa:6218
ds:H00107	hsa:7297
ds:H00607	hsa:23414
ds:H01434	hsa:8526
ds:H00192	hsa:10243
ds:H00290	hsa:10535
ds:H00437	hsa:8878
ds:H00083	hsa:1636
ds:H00626	hsa:7827
ds:H00810	hsa:950
ds:H00063	hsa:10939
ds:H00831	hsa:55145
ds:H00237	hsa:6201
ds:H00473	hsa:80224
ds:H00081	hsa:3117
ds:H01631	hsa:7139
ds:H00078	hsa:25978
ds:H01744	hsa:10616
ds:H01286	hsa:3199
ds:H00964	hsa:7172
ds:H00933	hsa:11330
ds:H00856	hsa:3300
ds:H01593	hsa:100422910
ds:H00717	hsa:1828
ds:H00891	hsa:55005
ds:H00978	hsa:54205
ds:H00101	hsa:1130
ds:H00170	hsa:3815
ds:H00344	hsa:3105
ds:H01463	hsa:5728
ds:H01202	hsa:221496
ds:H01558	hsa:79577
ds:H00223	hsa:5624
ds:H00455	hsa:6607
ds:H00761	hsa:9060
ds:H00800	hsa:7048
ds:H01612	hsa:4352
ds:H00261	hsa:54903
ds:H00063	hsa:1938
ds:H00088	hsa:975
ds:H01159	hsa:1545
ds:H00168	hsa:51151
ds:H00648	hsa:10804
ds:H00482	hsa:658
ds:H00566	hsa:8291
ds:H00165	hsa:6898
ds:H00768	hsa:79882
ds:H01516	hsa:4210
ds:H01253	hsa:2488
ds:H00810	hsa:1203
ds:H01088	hsa:23418
ds:H00070	hsa:2584
ds:H00564	hsa:56683
ds:H00264	hsa:121512
ds:H00076	hsa:1161
ds:H00773	hsa:57492
ds:H01890	hsa:5961
ds:H01492	hsa:3113
ds:H00019	hsa:7157
ds:H00538	hsa:261734
ds:H00801	hsa:7048
ds:H00203	hsa:847
ds:H01593	hsa:8572
ds:H01898	hsa:10908
ds:H01878	hsa:28960
ds:H00032	hsa:7849
ds:H00420	hsa:63924
ds:H00605	hsa:3082
ds:H00020	hsa:7157
ds:H00546	hsa:70
ds:H00092	hsa:100
ds:H01027	hsa:338917
ds:H00765	hsa:176
ds:H00783	hsa:6323
ds:H00255	hsa:23767
ds:H00148	hsa:3988
ds:H00810	hsa:4566
ds:H00482	hsa:650
ds:H00589	hsa:4041
ds:H01657	hsa:396
ds:H00728	hsa:6324
ds:H00831	hsa:2774
ds:H01554	hsa:4609
ds:H00428	hsa:525
ds:H00289	hsa:199713
ds:H00101	hsa:4353
ds:H00936	hsa:26128
ds:H00565	hsa:6442
ds:H01376	hsa:10262
ds:H01492	hsa:55024
ds:H00891	hsa:51021
ds:H01713	hsa:3105
ds:H00032	hsa:8030
ds:H00264	hsa:9516
ds:H01862	hsa:9247
ds:H01672	hsa:3569
ds:H00635	hsa:5080
ds:H01613	hsa:596
ds:H01235	hsa:6915
ds:H00768	hsa:9439
ds:H00266	hsa:6683
ds:H01510	hsa:6390
ds:H00101	hsa:1053
ds:H00593	hsa:55679
ds:H00542	hsa:5314
ds:H00080	hsa:3596
ds:H00069	hsa:178
ds:H01358	hsa:54106
ds:H00053	hsa:8013
ds:H00243	hsa:65266
ds:H00868	hsa:9241
ds:H01097	hsa:23431
ds:H01396	hsa:57674
ds:H00891	hsa:79731
ds:H01075	hsa:5080
ds:H00281	hsa:2720
ds:H00119	hsa:25839
ds:H00960	hsa:6935
ds:H00079	hsa:3566
ds:H01358	hsa:7097
ds:H00748	hsa:3759
ds:H00876	hsa:27030
ds:H00865	hsa:2733
ds:H00043	hsa:2026
ds:H00409	hsa:56999
ds:H00512	hsa:3767
ds:H00013	hsa:7157
ds:H01906	hsa:374393
ds:H00256	hsa:4158
ds:H01667	hsa:6608
ds:H00605	hsa:375611
ds:H00508	hsa:5745
ds:H00866	hsa:136647
ds:H00897	hsa:7443
ds:H00480	hsa:84061
ds:H01601	hsa:4869
ds:H00266	hsa:65055
ds:H01450	hsa:6505
ds:H00294	hsa:2218
ds:H00564	hsa:64446
ds:H00342	hsa:4153
ds:H01568	hsa:9897
ds:H01738	hsa:8036
ds:H00530	hsa:54806
ds:H00530	hsa:65250
ds:H01659	hsa:79092
ds:H00608	hsa:6716
ds:H00978	hsa:861
ds:H00120	hsa:2218
ds:H00254	hsa:2690
ds:H00718	hsa:64324
ds:H01773	hsa:7468
ds:H00409	hsa:3784
ds:H00624	hsa:80270
ds:H00734	hsa:242
ds:H00022	hsa:2261
ds:H00615	hsa:93650
ds:H00557	hsa:10516
ds:H00292	hsa:7414
ds:H00447	hsa:3930
ds:H01033	hsa:1080
ds:H00031	hsa:675
ds:H00130	hsa:2799
ds:H00017	hsa:5743
ds:H00651	hsa:10913
ds:H01189	hsa:6888
ds:H00168	hsa:7306
ds:H00691	hsa:3848
ds:H00537	hsa:9657
ds:H00220	hsa:2153
ds:H00560	hsa:368
ds:H01887	hsa:10584
ds:H00130	hsa:138050
ds:H00039	hsa:6608
ds:H01728	hsa:23193
ds:H01489	hsa:5277
ds:H00837	hsa:80184
ds:H00272	hsa:285362
ds:H01600	hsa:54832
ds:H01400	hsa:3712
ds:H01360	hsa:2625
ds:H00679	hsa:29920
ds:H01009	hsa:6017
ds:H01613	hsa:8085
ds:H00254	hsa:2688
ds:H00606	hsa:3745
ds:H00713	hsa:1028
ds:H01431	hsa:2778
ds:H01340	hsa:1293
ds:H01492	hsa:10318
ds:H00230	hsa:6521
ds:H01486	hsa:5277
ds:H00493	hsa:2719
ds:H00271	hsa:26128
ds:H00485	hsa:1857
ds:H01200	hsa:493753
ds:H00221	hsa:3998
ds:H00407	hsa:3295
ds:H00604	hsa:7466
ds:H00605	hsa:5172
ds:H00418	hsa:582
ds:H01885	hsa:5296
ds:H00453	hsa:147912
ds:H00831	hsa:6697
ds:H00214	hsa:1758
ds:H01877	hsa:22909
ds:H00050	hsa:3480
ds:H00165	hsa:3242
ds:H00828	hsa:1540
ds:H01557	hsa:2078
ds:H01813	hsa:5813
ds:H00545	hsa:11231
ds:H00292	hsa:7273
ds:H00049	hsa:4288
ds:H00728	hsa:10008
ds:H01119	hsa:5184
ds:H00063	hsa:3752
ds:H00626	hsa:7490
ds:H00746	hsa:779
ds:H01102	hsa:1027
ds:H01760	hsa:2538
ds:H00264	hsa:7879
ds:H01031	hsa:6530
ds:H00481	hsa:6103
ds:H00018	hsa:3845
ds:H00773	hsa:547
ds:H01386	hsa:440
ds:H00506	hsa:5176
ds:H00264	hsa:9896
ds:H01894	hsa:388962
ds:H00252	hsa:359
ds:H00426	hsa:2760
ds:H01217	hsa:133396
ds:H00574	hsa:6197
ds:H00604	hsa:4647
ds:H00773	hsa:81704
ds:H00524	hsa:59341
ds:H00025	hsa:4313
ds:H00897	hsa:5119
ds:H01299	hsa:7012
ds:H00118	hsa:79796
ds:H01282	hsa:6795
ds:H00269	hsa:79648
ds:H00005	hsa:596
ds:H00253	hsa:551
ds:H01202	hsa:2138
ds:H01439	hsa:285955
ds:H01352	hsa:3030
ds:H00236	hsa:54583
ds:H00891	hsa:25821
ds:H01428	hsa:2072
ds:H01741	hsa:5696
ds:H01254	hsa:2147
ds:H00944	hsa:23509
ds:H00992	hsa:22995
ds:H01510	hsa:1910
ds:H00183	hsa:875
ds:H00769	hsa:2743
ds:H00130	hsa:4669
ds:H00558	hsa:92344
ds:H00409	hsa:4544
ds:H00593	hsa:10585
ds:H00728	hsa:55800
ds:H00408	hsa:80018
ds:H00564	hsa:1767
ds:H00057	hsa:51142
ds:H00749	hsa:6507
ds:H00116	hsa:3938
ds:H00027	hsa:672
ds:H01114	hsa:5080
ds:H00910	hsa:2668
ds:H01464	hsa:595
ds:H00239	hsa:6557
ds:H00270	hsa:2316
ds:H01082	hsa:29968
ds:H01205	hsa:1559
ds:H01589	hsa:6584
ds:H01477	hsa:79827
ds:H00639	hsa:1001
ds:H00530	hsa:65062
ds:H00264	hsa:57716
ds:H00516	hsa:5818
ds:H00516	hsa:4524
ds:H00419	hsa:10555
ds:H00768	hsa:8492
ds:H00776	hsa:4935
ds:H00658	hsa:51114
ds:H00265	hsa:4914
ds:H01510	hsa:4288
ds:H00056	hsa:351
ds:H01027	hsa:1413
ds:H01593	hsa:7040
ds:H00223	hsa:3273
ds:H01753	hsa:5447
ds:H00171	hsa:3034
ds:H00028	hsa:4313
ds:H00751	hsa:79809
ds:H00264	hsa:16
ds:H00013	hsa:3880
ds:H00202	hsa:5498
ds:H00008	hsa:7157
ds:H00909	hsa:50945
ds:H00118	hsa:85365
ds:H00667	hsa:10161
ds:H00072	hsa:8050
ds:H00020	hsa:634
ds:H00080	hsa:7056
ds:H01280	hsa:79944
ds:H00036	hsa:4193
ds:H01355	hsa:4539
ds:H01450	hsa:1815
ds:H00288	hsa:4210
ds:H01255	hsa:60
ds:H00907	hsa:79813
ds:H00255	hsa:84634
ds:H00286	hsa:345611
ds:H01355	hsa:4519
ds:H01367	hsa:51520
ds:H00228	hsa:3047
ds:H00800	hsa:7046
ds:H00048	hsa:5728
ds:H00063	hsa:146227
ds:H00058	hsa:10133
ds:H00263	hsa:2737
ds:H00642	hsa:2255
ds:H00035	hsa:6271
ds:H00237	hsa:6235
ds:H00577	hsa:27286
ds:H00527	hsa:50939
ds:H00768	hsa:2898
ds:H00001	hsa:5087
ds:H00606	hsa:2560
ds:H00058	hsa:4744
ds:H01897	hsa:22917
ds:H00615	hsa:54757
ds:H00002	hsa:30012
ds:H01216	hsa:4000
ds:H01161	hsa:1644
ds:H01403	hsa:57492
ds:H00290	hsa:84153
ds:H01403	hsa:6597
ds:H00525	hsa:36
ds:H00041	hsa:2248
ds:H01202	hsa:4284
ds:H01202	hsa:2301
ds:H00527	hsa:5961
ds:H00028	hsa:1082
ds:H01132	hsa:3458
ds:H00593	hsa:6443
ds:H01368	hsa:4514
ds:H00607	hsa:7490
ds:H01713	hsa:100507679
ds:H00737	hsa:9333
ds:H01614	hsa:27235
ds:H00403	hsa:7508
ds:H00106	hsa:710
ds:H00409	hsa:221895
ds:H01778	hsa:1291
ds:H00050	hsa:4288
ds:H00811	hsa:4626
ds:H00618	hsa:1747
ds:H00093	hsa:6786
ds:H01740	hsa:81027
ds:H00529	hsa:112752
ds:H00593	hsa:729920
ds:H00418	hsa:51057
ds:H00107	hsa:4068
ds:H00799	hsa:9342
ds:H01633	hsa:1585
ds:H00478	hsa:4692
ds:H01206	hsa:5340
ds:H00042	hsa:4193
ds:H00482	hsa:9241
ds:H00187	hsa:5009
ds:H01450	hsa:627
ds:H00564	hsa:83861
ds:H01295	hsa:2348
ds:H01203	hsa:1545
ds:H00237	hsa:6165
ds:H00507	hsa:55651
ds:H00287	hsa:9051
ds:H00071	hsa:229
ds:H00264	hsa:4141
ds:H00002	hsa:4297
ds:H00537	hsa:261734
ds:H01635	hsa:3949
ds:H00410	hsa:8462
ds:H01027	hsa:220
ds:H00078	hsa:2896
ds:H00108	hsa:843
ds:H00222	hsa:2244
ds:H01235	hsa:64805
ds:H00005	hsa:472
ds:H00737	hsa:64377
ds:H00021	hsa:960
ds:H00968	hsa:56975
ds:H00003	hsa:861
ds:H00538	hsa:10806
ds:H01027	hsa:5015
ds:H00265	hsa:6335
ds:H00805	hsa:1280
ds:H00294	hsa:3117
ds:H00856	hsa:538
ds:H01470	hsa:3020
ds:H01510	hsa:7015
ds:H00025	hsa:4193
ds:H01556	hsa:84231
ds:H01400	hsa:34
ds:H01777	hsa:3339
ds:H00030	hsa:3845
ds:H00852	hsa:392255
ds:H01216	hsa:6901
ds:H00294	hsa:8048
ds:H01667	hsa:7015
ds:H00606	hsa:1917
ds:H00267	hsa:7546
ds:H00032	hsa:999
ds:H00554	hsa:4851
ds:H00083	hsa:3586
ds:H00420	hsa:3991
ds:H00155	hsa:255738
ds:H01600	hsa:11315
ds:H00019	hsa:6794
ds:H00149	hsa:1201
ds:H01557	hsa:5175
ds:H01510	hsa:7423
ds:H00091	hsa:3559
ds:H00805	hsa:80781
ds:H00038	hsa:4286
ds:H00991	hsa:5116
ds:H00215	hsa:3759
ds:H00952	hsa:7045
ds:H01400	hsa:5091
ds:H00154	hsa:338328
ds:H00607	hsa:1761
ds:H00407	hsa:6342
ds:H00068	hsa:4538
ds:H01282	hsa:317719
ds:H00055	hsa:9134
ds:H00008	hsa:1029
ds:H00409	hsa:6934
ds:H00093	hsa:6890
ds:H00224	hsa:2812
ds:H00599	hsa:2908
ds:H01344	hsa:4683
ds:H00568	hsa:1760
ds:H00593	hsa:9499
ds:H01512	hsa:673
ds:H00679	hsa:84668
ds:H00028	hsa:1956
ds:H00079	hsa:3565
ds:H01466	hsa:149233
ds:H01468	hsa:3126
ds:H00211	hsa:7018
ds:H00604	hsa:71
ds:H00036	hsa:1029
ds:H00054	hsa:596
ds:H00079	hsa:154
ds:H01570	hsa:8622
ds:H00077	hsa:4137
ds:H01273	hsa:5080
ds:H01463	hsa:1030
ds:H01559	hsa:1956
ds:H00256	hsa:23530
ds:H00754	hsa:131118
ds:H00971	hsa:54714
ds:H00604	hsa:5459
ds:H00261	hsa:79583
ds:H00963	hsa:83959
ds:H00595	hsa:11155
ds:H01434	hsa:4179
ds:H01481	hsa:8233
ds:H00021	hsa:7428
ds:H00593	hsa:2218
ds:H00891	hsa:10667
ds:H01035	hsa:3476
ds:H00168	hsa:7299
ds:H00102	hsa:716
ds:H01709	hsa:5243
ds:H01556	hsa:1029
ds:H01709	hsa:1280
ds:H00294	hsa:5664
ds:H00917	hsa:10483
ds:H01919	hsa:170302
ds:H01122	hsa:1438
ds:H01482	hsa:84168
ds:H00586	hsa:3909
ds:H00093	hsa:5897
ds:H00048	hsa:3265
ds:H01509	hsa:3091
ds:H00115	hsa:6476
ds:H00608	hsa:1583
ds:H01109	hsa:6772
ds:H00530	hsa:79809
ds:H01827	hsa:2903
ds:H00102	hsa:714
ds:H00768	hsa:7991
ds:H00604	hsa:7007
ds:H00038	hsa:673
ds:H00481	hsa:2978
ds:H00028	hsa:1436
ds:H00027	hsa:4436
ds:H00082	hsa:3117
ds:H00026	hsa:2099
ds:H00294	hsa:6901
ds:H00848	hsa:23533
ds:H01191	hsa:30009
ds:H01357	hsa:3603
ds:H00625	hsa:1896
ds:H01434	hsa:3075
ds:H00167	hsa:5053
ds:H00068	hsa:4540
ds:H01209	hsa:5456
ds:H00200	hsa:51733
ds:H01911	hsa:79143
ds:H01243	hsa:6908
ds:H00516	hsa:3664
ds:H00956	hsa:7045
ds:H01356	hsa:4540
ds:H01235	hsa:2313
ds:H00480	hsa:5063
ds:H00702	hsa:58
ds:H01877	hsa:51621
ds:H00480	hsa:546
ds:H01356	hsa:4575
ds:H00020	hsa:3845
ds:H01889	hsa:51053
ds:H00900	hsa:2200
ds:H00517	hsa:10683
ds:H01171	hsa:1565
ds:H00977	hsa:2131
ds:H00058	hsa:23435
ds:H00559	hsa:7428
ds:H00625	hsa:4487
ds:H01413	hsa:4851
ds:H00403	hsa:2071
ds:H01552	hsa:1859
ds:H00811	hsa:9427
ds:H01002	hsa:368
ds:H00606	hsa:11284
ds:H00027	hsa:2064
ds:H00094	hsa:641
ds:H00615	hsa:8111
ds:H00713	hsa:64324
ds:H00421	hsa:2588
ds:H00605	hsa:64072
ds:H00604	hsa:4646
ds:H00180	hsa:3141
ds:H00516	hsa:5914
ds:H01911	hsa:8738
ds:H01216	hsa:7139
ds:H00859	hsa:3209
ds:H00875	hsa:220296
ds:H00042	hsa:1029
ds:H00344	hsa:3135
ds:H00815	hsa:55315
ds:H00042	hsa:5154
ds:H01435	hsa:2657
ds:H00257	hsa:8086
ds:H00527	hsa:55975
ds:H00756	hsa:9378
ds:H00568	hsa:7555
ds:H00525	hsa:6584
ds:H01230	hsa:4001
ds:H01487	hsa:9487
ds:H00020	hsa:10297
ds:H01552	hsa:4524
ds:H00117	hsa:9380
ds:H00481	hsa:24
ds:H00173	hsa:3712
ds:H00586	hsa:3918
ds:H01298	hsa:10568
ds:H01354	hsa:4724
ds:H00408	hsa:10666
ds:H00605	hsa:153562
ds:H00608	hsa:3284
ds:H00833	hsa:79152
ds:H00593	hsa:859
ds:H00831	hsa:6513
ds:H00845	hsa:336
ds:H01789	hsa:9894
ds:H00418	hsa:27241
ds:H01355	hsa:4514
ds:H00593	hsa:60684
ds:H00953	hsa:4070
ds:H00086	hsa:7374
ds:H00082	hsa:1081
ds:H00473	hsa:25915
ds:H00720	hsa:3753
ds:H01865	hsa:9935
ds:H01439	hsa:7461
ds:H00605	hsa:253827
ds:H01637	hsa:7391
ds:H00290	hsa:11277
ds:H00408	hsa:5771
ds:H00493	hsa:2132
ds:H00527	hsa:6295
ds:H00651	hsa:1896
ds:H01398	hsa:10166
ds:H00214	hsa:5251
ds:H00167	hsa:5092
ds:H01569	hsa:27125
ds:H00530	hsa:91147
ds:H00606	hsa:2904
ds:H00044	hsa:8626
ds:H00018	hsa:7157
ds:H00237	hsa:6138
ds:H00577	hsa:4983
ds:H00025	hsa:4288
ds:H01899	hsa:161582
ds:H00668	hsa:26873
ds:H01358	hsa:2312
ds:H01702	hsa:2908
ds:H00768	hsa:23325
ds:H00177	hsa:5830
ds:H01793	hsa:23522
ds:H00261	hsa:27077
ds:H00632	hsa:55997
ds:H00056	hsa:5663
ds:H00583	hsa:4281
ds:H01488	hsa:27315
ds:H00436	hsa:8600
ds:H00093	hsa:5993
ds:H00785	hsa:1001
ds:H00787	hsa:4308
ds:H00418	hsa:8195
ds:H00773	hsa:1778
ds:H00699	hsa:6261
ds:H00101	hsa:2539
ds:H00665	hsa:10269
ds:H00268	hsa:7846
ds:H00085	hsa:29760
ds:H01887	hsa:5648
ds:H01439	hsa:8468
ds:H00821	hsa:717
ds:H01613	hsa:2146
ds:H01700	hsa:3972
ds:H01202	hsa:2512
ds:H00891	hsa:60528
ds:H00431	hsa:5167
ds:H00606	hsa:2562
ds:H00178	hsa:2109
ds:H00080	hsa:3594
ds:H00212	hsa:55630
ds:H01208	hsa:283417
ds:H00789	hsa:30813
ds:H00266	hsa:26580
ds:H00668	hsa:2876
ds:H00091	hsa:3718
ds:H00537	hsa:51134
ds:H00084	hsa:3552
ds:H00255	hsa:9394
ds:H00037	hsa:4656
ds:H00631	hsa:25836
ds:H01601	hsa:238
ds:H00586	hsa:1308
ds:H01285	hsa:4548
ds:H01726	hsa:81494
ds:H00024	hsa:2078
ds:H00856	hsa:2617
ds:H01612	hsa:811
ds:H01747	hsa:3265
ds:H00211	hsa:57817
ds:H00556	hsa:55636
ds:H00625	hsa:4054
ds:H00230	hsa:286
ds:H00208	hsa:10599
ds:H01202	hsa:1409
ds:H01185	hsa:351
ds:H01439	hsa:2006
ds:H00028	hsa:4312
ds:H01640	hsa:9968
ds:H00978	hsa:2623
ds:H00437	hsa:8792
ds:H00042	hsa:5156
ds:H00897	hsa:271
ds:H00150	hsa:3920
ds:H00255	hsa:60675
ds:H00019	hsa:675
ds:H00779	hsa:4647
ds:H01307	hsa:5333
ds:H00606	hsa:2906
ds:H00734	hsa:26154
ds:H00015	hsa:1030
ds:H01224	hsa:5078
ds:H00032	hsa:7170
ds:H00135	hsa:2581
ds:H01267	hsa:3033
ds:H00549	hsa:23414
ds:H01486	hsa:23556
ds:H00773	hsa:10369
ds:H01283	hsa:23417
ds:H00421	hsa:3425
ds:H01354	hsa:137682
ds:H01267	hsa:3767
ds:H00796	hsa:3861
ds:H00216	hsa:1583
ds:H01360	hsa:729230
ds:H00473	hsa:4709
ds:H01635	hsa:116519
ds:H01359	hsa:114548
ds:H01022	hsa:2271
ds:H00080	hsa:717
ds:H00038	hsa:7157
ds:H00058	hsa:5216
ds:H00839	hsa:1282
ds:H01027	hsa:652
ds:H00594	hsa:7072
ds:H00615	hsa:265
ds:H00681	hsa:23385
ds:H00837	hsa:3769
ds:H00255	hsa:6870
ds:H01666	hsa:2078
ds:H01292	hsa:4810
ds:H00422	hsa:2517
ds:H00590	hsa:729920
ds:H01513	hsa:9928
ds:H00058	hsa:6647
ds:H01076	hsa:38
ds:H00627	hsa:2516
ds:H00606	hsa:3785
ds:H00020	hsa:4436
ds:H01703	hsa:181
ds:H00058	hsa:9896
ds:H00854	hsa:493856
ds:H00627	hsa:135935
ds:H00421	hsa:2720
ds:H00174	hsa:27249
ds:H00810	hsa:144165
ds:H00881	hsa:11200
ds:H00044	hsa:3856
ds:H01227	hsa:3586
ds:H01492	hsa:3119
ds:H00899	hsa:9056
ds:H01481	hsa:2624
ds:H01733	hsa:7486
ds:H01762	hsa:5213
ds:H00292	hsa:7139
ds:H00057	hsa:23400
ds:H00981	hsa:7274
ds:H01439	hsa:81554
ds:H00228	hsa:546
ds:H00484	hsa:8200
ds:H01214	hsa:6005
ds:H01360	hsa:1234
ds:H01097	hsa:11154
ds:H01492	hsa:3115
ds:H00606	hsa:51741
ds:H00534	hsa:11235
ds:H00647	hsa:81607
ds:H01508	hsa:6928
ds:H01488	hsa:55650
ds:H00022	hsa:2243
ds:H00768	hsa:51185
ds:H00825	hsa:6017
ds:H01740	hsa:64240
ds:H01001	hsa:23322
ds:H00984	hsa:6892
ds:H00595	hsa:9531
ds:H00166	hsa:84343
ds:H00418	hsa:79738
ds:H00035	hsa:2115
ds:H00485	hsa:4920
ds:H00089	hsa:3459
ds:H01882	hsa:57502
ds:H01784	hsa:338328
ds:H00557	hsa:2006
ds:H00869	hsa:8893
ds:H01368	hsa:4512
ds:H01555	hsa:7157
ds:H00935	hsa:23529
ds:H01880	hsa:85378
ds:H01740	hsa:4627
ds:H00070	hsa:2592
ds:H00561	hsa:9759
ds:H00018	hsa:1499
ds:H00712	hsa:2706
ds:H00803	hsa:3766
ds:H00264	hsa:59341
ds:H01760	hsa:5257
ds:H00473	hsa:4726
ds:H01400	hsa:5096
ds:H00453	hsa:6495
ds:H01892	hsa:238
ds:H00821	hsa:1471
ds:H01797	hsa:9915
ds:H00916	hsa:2668
ds:H01437	hsa:4763
ds:H00607	hsa:2516
ds:H01267	hsa:3643
ds:H00598	hsa:254394
ds:H00461	hsa:2317
ds:H00130	hsa:6448
ds:H00014	hsa:3880
ds:H00264	hsa:81857
ds:H00786	hsa:6635
ds:H00032	hsa:7175
ds:H00506	hsa:1277
ds:H00119	hsa:84317
ds:H00917	hsa:84529
ds:H00055	hsa:595
ds:H00817	hsa:7020
ds:H00101	hsa:4644
ds:H00049	hsa:6271
ds:H00008	hsa:4609
ds:H00255	hsa:81848
ds:H00590	hsa:4000
ds:H01881	hsa:3796
ds:H00425	hsa:1075
ds:H00106	hsa:966
ds:H01558	hsa:846
ds:H01156	hsa:92002
ds:H00032	hsa:3845
ds:H00770	hsa:1144
ds:H00018	hsa:9134
ds:H01267	hsa:2746
ds:H01439	hsa:135886
ds:H00047	hsa:324
ds:H00004	hsa:613
ds:H00069	hsa:2998
ds:H00480	hsa:10084
ds:H01510	hsa:3326
ds:H01508	hsa:4602
ds:H01492	hsa:7292
ds:H01510	hsa:2034
ds:H00093	hsa:4860
ds:H00264	hsa:90678
ds:H00693	hsa:3849
ds:H00543	hsa:27031
ds:H00408	hsa:1512
ds:H00027	hsa:4609
ds:H00043	hsa:3939
ds:H00408	hsa:114904
ds:H00458	hsa:2261
ds:H01118	hsa:1763
ds:H00264	hsa:23321
ds:H01742	hsa:948
ds:H01762	hsa:5255
ds:H00619	hsa:63901
ds:H00039	hsa:5727
ds:H00472	hsa:4313
ds:H00802	hsa:91252
ds:H00773	hsa:8831
ds:H00605	hsa:1302
ds:H00848	hsa:23064
ds:H00030	hsa:3880
ds:H01891	hsa:56997
ds:H01439	hsa:9275
ds:H00966	hsa:471
ds:H00530	hsa:79600
ds:H00627	hsa:2332
ds:H00131	hsa:411
ds:H00205	hsa:5824
ds:H01299	hsa:727897
ds:H00078	hsa:5663
ds:H00016	hsa:4893
ds:H00588	hsa:55612
ds:H01889	hsa:4998
ds:H01301	hsa:83700
ds:H00057	hsa:8398
ds:H00055	hsa:4609
ds:H00538	hsa:57728
ds:H00720	hsa:3784
ds:H00607	hsa:7258
ds:H00976	hsa:5956
ds:H00529	hsa:57728
ds:H00410	hsa:3651
ds:H00831	hsa:112476
ds:H00754	hsa:27429
ds:H00037	hsa:4654
ds:H00891	hsa:92935
ds:H00126	hsa:2629
ds:H01016	hsa:6555
ds:H00651	hsa:128178
ds:H00985	hsa:8625
ds:H01762	hsa:2632
ds:H01593	hsa:7367
ds:H01784	hsa:116519
ds:H00013	hsa:5925
ds:H01479	hsa:3569
ds:H00201	hsa:2235
ds:H00230	hsa:2038
ds:H00035	hsa:3939
ds:H00679	hsa:11128
ds:H00516	hsa:652
ds:H01307	hsa:1294
ds:H00466	hsa:8200
ds:H00897	hsa:80746
ds:H00120	hsa:10585
ds:H00294	hsa:88
ds:H01143	hsa:1594
ds:H00938	hsa:2160
ds:H00897	hsa:283989
ds:H00433	hsa:6910
ds:H00924	hsa:79840
ds:H01193	hsa:2591
ds:H01202	hsa:2700
ds:H01215	hsa:2719
ds:H01510	hsa:7424
ds:H00479	hsa:1300
ds:H00276	hsa:2720
ds:H00268	hsa:5649
ds:H00564	hsa:6674
ds:H00769	hsa:23229
ds:H00506	hsa:10491
ds:H00265	hsa:25923
ds:H00869	hsa:8891
ds:H00264	hsa:6305
ds:H00728	hsa:23171
ds:H00820	hsa:617
ds:H01398	hsa:1373
ds:H00786	hsa:6144
ds:H00546	hsa:4624
ds:H00996	hsa:8869
ds:H01558	hsa:4288
ds:H00535	hsa:147372
ds:H00294	hsa:3123
ds:H00690	hsa:778
ds:H00974	hsa:5956
ds:H00010	hsa:595
ds:H01698	hsa:26191
ds:H01368	hsa:493753
ds:H00058	hsa:2521
ds:H00452	hsa:23592
ds:H00961	hsa:30813
ds:H01591	hsa:5156
ds:H01160	hsa:6469
ds:H00475	hsa:4488
ds:H00101	hsa:79083
ds:H00473	hsa:644096
ds:H00473	hsa:54902
ds:H00628	hsa:23600
ds:H00814	hsa:50939
ds:H00819	hsa:8842
ds:H00271	hsa:5080
ds:H00471	hsa:1749
ds:H00779	hsa:3035
ds:H00473	hsa:126328
ds:H00119	hsa:10466
ds:H01030	hsa:2733
ds:H00554	hsa:4091
ds:H00223	hsa:2266
ds:H00810	hsa:1509
ds:H00216	hsa:3284
ds:H00598	hsa:2492
ds:H01207	hsa:2260
ds:H00250	hsa:7849
ds:H00409	hsa:11132
ds:H01471	hsa:2324
ds:H01703	hsa:627
ds:H01368	hsa:51204
ds:H00606	hsa:3737
ds:H00605	hsa:5962
ds:H00042	hsa:5925
ds:H00606	hsa:348980
ds:H01631	hsa:3958
ds:H00255	hsa:2798
ds:H01240	hsa:9103
ds:H01631	hsa:7137
ds:H01571	hsa:23586
ds:H01911	hsa:124512
ds:H00057	hsa:1644
ds:H00085	hsa:695
ds:H00419	hsa:26580
ds:H01667	hsa:5727
ds:H00068	hsa:4536
ds:H01204	hsa:124997
ds:H00169	hsa:4935
ds:H00481	hsa:128338
ds:H00605	hsa:83715
ds:H00255	hsa:10371
ds:H01494	hsa:126792
ds:H00564	hsa:55172
ds:H00527	hsa:7287
ds:H00757	hsa:54808
ds:H00266	hsa:23503
ds:H01354	hsa:4722
ds:H00080	hsa:3119
ds:H00030	hsa:1019
ds:H00779	hsa:10518
ds:H00862	hsa:114798
ds:H00771	hsa:6335
ds:H01646	hsa:121278
ds:H00910	hsa:1910
ds:H00577	hsa:2316
ds:H00035	hsa:2313
ds:H01120	hsa:55640
ds:H01667	hsa:4193
ds:H00107	hsa:6023
ds:H01177	hsa:23636
ds:H01705	hsa:1690
ds:H01557	hsa:3845
ds:H00294	hsa:4000
ds:H01700	hsa:89884
ds:H00891	hsa:7284
ds:H00563	hsa:23345
ds:H00560	hsa:2677
ds:H01728	hsa:5310
ds:H00168	hsa:4157
ds:H00031	hsa:5328
ds:H00262	hsa:4524
ds:H00891	hsa:115286
ds:H01403	hsa:8289
ds:H00083	hsa:3383
ds:H01356	hsa:4558
ds:H00057	hsa:25793
ds:H00264	hsa:8565
ds:H01639	hsa:7422
ds:H01635	hsa:4023
ds:H00080	hsa:939
ds:H00265	hsa:9517
ds:H00523	hsa:161742
ds:H00810	hsa:256471
ds:H01605	hsa:4352
ds:H00896	hsa:7249
ds:H01456	hsa:6648
ds:H00092	hsa:64421
ds:H00004	hsa:7490
ds:H00039	hsa:7157
ds:H00072	hsa:5162
ds:H00022	hsa:3265
ds:H01698	hsa:3123
ds:H01270	hsa:338
ds:H00043	hsa:4914
ds:H00151	hsa:1593
ds:H00710	hsa:2697
ds:H01376	hsa:1723
ds:H00018	hsa:1956
ds:H00563	hsa:4000
ds:H01297	hsa:57104
ds:H00987	hsa:5913
ds:H00736	hsa:51099
ds:H00294	hsa:7139
ds:H00293	hsa:6262
ds:H00602	hsa:1584
ds:H01911	hsa:8924
ds:H01522	hsa:4221
ds:H00015	hsa:4771
ds:H01484	hsa:6208
ds:H00982	hsa:51218
ds:H01703	hsa:3352
ds:H00266	hsa:57165
ds:H00021	hsa:5546
ds:H00103	hsa:735
ds:H00593	hsa:1674
ds:H00264	hsa:64423
ds:H01428	hsa:7508
ds:H01202	hsa:1410
ds:H01665	hsa:672
ds:H00038	hsa:4893
ds:H00749	hsa:773
ds:H00516	hsa:8626
ds:H01508	hsa:23373
ds:H00066	hsa:6620
ds:H01355	hsa:4541
ds:H00042	hsa:7157
ds:H01700	hsa:7252
ds:H00593	hsa:1605
ds:H00238	hsa:675
ds:H00128	hsa:3425
ds:H00469	hsa:26235
ds:H00571	hsa:197131
ds:H01879	hsa:6878
ds:H00017	hsa:324
ds:H01529	hsa:7422
ds:H00045	hsa:4221
ds:H00143	hsa:79158
ds:H00267	hsa:5727
ds:H00138	hsa:427
ds:H01434	hsa:7056
ds:H00906	hsa:54453
ds:H00001	hsa:861
ds:H00837	hsa:3000
ds:H00810	hsa:166336
ds:H00986	hsa:1146
ds:H01457	hsa:2056
ds:H00527	hsa:6017
ds:H01611	hsa:4988
ds:H00262	hsa:81839
ds:H00091	hsa:915
ds:H01600	hsa:23317
ds:H00865	hsa:23396
ds:H00093	hsa:925
ds:H00241	hsa:760
ds:H00911	hsa:6505
ds:H00609	hsa:10046
ds:H00408	hsa:10019
ds:H00734	hsa:59344
ds:H00831	hsa:79734
ds:H00747	hsa:100134444
ds:H00821	hsa:3075
ds:H00782	hsa:1825
ds:H00031	hsa:2099
ds:H01102	hsa:9049
ds:H00684	hsa:3854
ds:H00477	hsa:1311
ds:H01184	hsa:9445
ds:H00026	hsa:5728
ds:H00557	hsa:538
ds:H00897	hsa:51091
ds:H00604	hsa:407053
ds:H00119	hsa:91949
ds:H01354	hsa:55572
ds:H00021	hsa:201163
ds:H00050	hsa:6756
ds:H00527	hsa:9129
ds:H01483	hsa:9049
ds:H00017	hsa:5925
ds:H01905	hsa:2250
ds:H01005	hsa:1621
ds:H00223	hsa:2243
ds:H01391	hsa:11280
ds:H00535	hsa:2324
ds:H00606	hsa:2554
ds:H00142	hsa:4758
ds:H00713	hsa:10984
ds:H00751	hsa:57560
ds:H00079	hsa:3596
ds:H00237	hsa:6135
ds:H00058	hsa:7277
ds:H01235	hsa:10235
ds:H00344	hsa:3106
ds:H00479	hsa:4322
ds:H01760	hsa:2542
ds:H00033	hsa:3481
ds:H00877	hsa:1282
ds:H00546	hsa:2626
ds:H00410	hsa:26060
ds:H00903	hsa:5307
ds:H01892	hsa:3418
ds:H00246	hsa:4221
ds:H00590	hsa:3680
ds:H00779	hsa:65217
ds:H00517	hsa:84667
ds:H00480	hsa:9459
ds:H00160	hsa:4547
ds:H01723	hsa:5624
ds:H00136	hsa:4864
ds:H00108	hsa:4893
ds:H00720	hsa:775
ds:H00403	hsa:1643
ds:H01355	hsa:4509
ds:H00627	hsa:344018
ds:H00997	hsa:2261
ds:H01757	hsa:5654
ds:H01391	hsa:6336
ds:H00605	hsa:2707
ds:H01703	hsa:51738
ds:H00976	hsa:2652
ds:H01857	hsa:150468
ds:H00612	hsa:4653
ds:H01492	hsa:3663
ds:H01736	hsa:137814
ds:H00698	hsa:58
ds:H01428	hsa:2071
ds:H00768	hsa:80055
ds:H00205	hsa:5195
ds:H00469	hsa:8803
ds:H00119	hsa:64116
ds:H00001	hsa:4299
ds:H00214	hsa:142680
ds:H00674	hsa:203
ds:H01713	hsa:3106
ds:H00744	hsa:6329
ds:H00507	hsa:51750
ds:H00606	hsa:6709
ds:H00773	hsa:55209
ds:H00184	hsa:191
ds:H00264	hsa:1959
ds:H00615	hsa:258
ds:H00971	hsa:5149
ds:H01510	hsa:5743
ds:H00720	hsa:859
ds:H00409	hsa:5468
ds:H00191	hsa:2653
ds:H01773	hsa:3954
ds:H01705	hsa:71
ds:H00004	hsa:1029
ds:H00118	hsa:22845
ds:H00697	hsa:2273
ds:H00814	hsa:3617
ds:H01750	hsa:2261
ds:H00565	hsa:6443
ds:H01491	hsa:361
ds:H00265	hsa:54463
ds:H00802	hsa:1289
ds:H01742	hsa:8997
ds:H00984	hsa:6891
ds:H01023	hsa:657
ds:H01575	hsa:5190
ds:H00928	hsa:977
ds:H00598	hsa:6658
ds:H00027	hsa:675
ds:H00177	hsa:5192
ds:H01226	hsa:2737
ds:H01603	hsa:776
ds:H00527	hsa:64218
ds:H01649	hsa:3356
ds:H00013	hsa:4609
ds:H00251	hsa:50506
ds:H00788	hsa:1736
ds:H00429	hsa:8671
ds:H00473	hsa:4540
ds:H01370	hsa:5295
ds:H00085	hsa:80131
ds:H01481	hsa:54790
ds:H00424	hsa:6609
ds:H00102	hsa:720
ds:H00022	hsa:4926
ds:H00481	hsa:92211
ds:H00084	hsa:3586
ds:H00096	hsa:51135
ds:H00294	hsa:6444
ds:H01763	hsa:5498
ds:H00421	hsa:2990
ds:H00174	hsa:166785
ds:H01836	hsa:4914
ds:H00408	hsa:3630
ds:H00080	hsa:1378
ds:H00590	hsa:3908
ds:H01881	hsa:3800
ds:H01891	hsa:23203
ds:H00409	hsa:10644
ds:H00294	hsa:3115
ds:H01666	hsa:5175
ds:H01304	hsa:340024
ds:H01108	hsa:948
ds:H00518	hsa:6023
ds:H00438	hsa:7305
ds:H00107	hsa:50943
ds:H00714	hsa:2706
ds:H01809	hsa:2776
ds:H01813	hsa:1106
ds:H00726	hsa:3859
ds:H01895	hsa:1815
ds:H01775	hsa:57526
ds:H01026	hsa:5076
ds:H01159	hsa:2296
ds:H00081	hsa:1493
ds:H01293	hsa:4340
ds:H00537	hsa:57728
ds:H01025	hsa:324
ds:H01135	hsa:22934
ds:H00003	hsa:613
ds:H01881	hsa:10381
ds:H00057	hsa:7054
ds:H00896	hsa:7248
ds:H00652	hsa:6469
ds:H00628	hsa:80270
ds:H00120	hsa:9215
ds:H00797	hsa:25782
ds:H00027	hsa:3845
ds:H00118	hsa:3703
ds:H00527	hsa:5995
ds:H00604	hsa:79784
ds:H01631	hsa:551
ds:H00418	hsa:129880
ds:H00810	hsa:378884
ds:H00999	hsa:23590
ds:H01097	hsa:10717
ds:H01880	hsa:27229
ds:H00063	hsa:5521
ds:H01398	hsa:10165
ds:H01667	hsa:4221
ds:H00481	hsa:169522
ds:H01892	hsa:1788
ds:H01700	hsa:2688
ds:H00032	hsa:7157
ds:H01216	hsa:1837
ds:H00537	hsa:4582
ds:H01884	hsa:2773
ds:H00698	hsa:84665
ds:H00265	hsa:7879
ds:H01309	hsa:64127
ds:H01511	hsa:3559
ds:H00295	hsa:7139
ds:H00825	hsa:6010
ds:H01510	hsa:4763
ds:H00069	hsa:2538
ds:H00897	hsa:57038
ds:H00881	hsa:7157
ds:H01489	hsa:27315
ds:H01202	hsa:1415
ds:H00679	hsa:5917
ds:H00473	hsa:79133
ds:H01592	hsa:5979
ds:H01649	hsa:207
ds:H00421	hsa:6448
ds:H00422	hsa:175
ds:H00422	hsa:4126
ds:H00492	hsa:6473
ds:H01556	hsa:6608
ds:H00891	hsa:87178
ds:H00773	hsa:55690
ds:H01639	hsa:308
ds:H00342	hsa:3119
ds:H00764	hsa:7015
ds:H00575	hsa:183
ds:H00080	hsa:3569
ds:H00530	hsa:8481
ds:H00030	hsa:1026
ds:H00632	hsa:2657
ds:H00965	hsa:9401
ds:H00698	hsa:1073
ds:H00990	hsa:60386
ds:H00606	hsa:773
ds:H00684	hsa:3872
ds:H00031	hsa:672
ds:H00628	hsa:9420
ds:H00080	hsa:23090
ds:H00032	hsa:8031
ds:H00837	hsa:55812
ds:H00642	hsa:2261
ds:H01877	hsa:1139
ds:H00458	hsa:4488
ds:H01390	hsa:50484
ds:H01027	hsa:6657
ds:H00270	hsa:10564
ds:H00473	hsa:4536
ds:H01202	hsa:128866
ds:H00098	hsa:653361
ds:H00801	hsa:4015
ds:H00063	hsa:773
ds:H00268	hsa:3912
ds:H01511	hsa:7177
ds:H00606	hsa:284111
ds:H01673	hsa:2706
ds:H00831	hsa:3208
ds:H00985	hsa:4261
ds:H00022	hsa:1612
ds:H00438	hsa:54209
ds:H01845	hsa:23483
ds:H01881	hsa:203068
ds:H01571	hsa:64135
ds:H00048	hsa:7161
ds:H00546	hsa:57057
ds:H00552	hsa:190
ds:H00264	hsa:4747
ds:H00063	hsa:2259
ds:H01796	hsa:7062
ds:H00703	hsa:4625
ds:H00293	hsa:1829
ds:H01882	hsa:54413
ds:H01667	hsa:10297
ds:H00426	hsa:2629
ds:H00174	hsa:4594
ds:H00025	hsa:80142
ds:H00594	hsa:8291
ds:H00606	hsa:23334
ds:H00999	hsa:10229
ds:H00664	hsa:2821
ds:H00802	hsa:11285
ds:H00254	hsa:2692
ds:H01360	hsa:2056
ds:H00606	hsa:6326
ds:H00018	hsa:4233
ds:H00119	hsa:10559
ds:H00841	hsa:113278
ds:H00905	hsa:54716
ds:H01124	hsa:55163
ds:H00668	hsa:2539
ds:H01200	hsa:1355
ds:H01605	hsa:3717
ds:H00093	hsa:6891
ds:H00149	hsa:54982
ds:H00240	hsa:6559
ds:H01238	hsa:85358
ds:H00058	hsa:3178
ds:H00048	hsa:999
ds:H00016	hsa:7157
ds:H00286	hsa:3588
ds:H00833	hsa:80347
ds:H00978	hsa:22852
ds:H00155	hsa:338
ds:H00734	hsa:204219
ds:H00275	hsa:1497
ds:H00801	hsa:8076
ds:H00021	hsa:2277
ds:H00072	hsa:5160
ds:H00564	hsa:339829
ds:H00032	hsa:1499
ds:H00168	hsa:4948
ds:H01911	hsa:388662
ds:H00992	hsa:545
ds:H00700	hsa:4534
ds:H01667	hsa:1499
ds:H01769	hsa:6651
ds:H00605	hsa:29899
ds:H00479	hsa:51119
ds:H00607	hsa:6662
ds:H01700	hsa:5626
ds:H01218	hsa:28956
ds:H00958	hsa:1634
ds:H00889	hsa:9968
ds:H00119	hsa:9382
ds:H01167	hsa:1536
ds:H00018	hsa:2064
ds:H00538	hsa:27031
ds:H00516	hsa:4487
ds:H00211	hsa:2495
ds:H00783	hsa:2566
ds:H01020	hsa:4976
ds:H00269	hsa:63925
ds:H01155	hsa:5827
ds:H00264	hsa:79628
ds:H01134	hsa:6597
ds:H00679	hsa:9255
ds:H01673	hsa:8710
ds:H00541	hsa:5972
ds:H00493	hsa:3339
ds:H00018	hsa:2263
ds:H01657	hsa:4868
ds:H00780	hsa:55806
ds:H00808	hsa:785
ds:H00069	hsa:5256
ds:H00720	hsa:9992
ds:H00291	hsa:11277
ds:H00801	hsa:4638
ds:H00856	hsa:26580
ds:H00773	hsa:4208
ds:H00565	hsa:6444
ds:H00014	hsa:3845
ds:H00809	hsa:9211
ds:H01195	hsa:7547
ds:H01489	hsa:84720
ds:H01668	hsa:114336
ds:H00031	hsa:2064
ds:H00239	hsa:10916
ds:H00999	hsa:27235
ds:H01351	hsa:6843
ds:H01202	hsa:146862
ds:H01514	hsa:27286
ds:H00428	hsa:50617
ds:H01268	hsa:10166
ds:H00069	hsa:2027
ds:H00024	hsa:2115
ds:H01752	hsa:546
ds:H01342	hsa:5830
ds:H01700	hsa:5449
ds:H00264	hsa:10397
ds:H00721	hsa:4615
ds:H01381	hsa:462
ds:H01131	hsa:10801
ds:H01223	hsa:4208
ds:H00667	hsa:147183
ds:H01360	hsa:55153
ds:H01299	hsa:6440
ds:H00510	hsa:4613
ds:H01762	hsa:2992
ds:H01154	hsa:51422
ds:H00021	hsa:7422
ds:H01812	hsa:1493
ds:H00194	hsa:3251
ds:H01342	hsa:5192
ds:H00591	hsa:2483
ds:H00539	hsa:207
ds:H01876	hsa:3832
ds:H00216	hsa:1589
ds:H01340	hsa:1291
ds:H00811	hsa:7169
ds:H00014	hsa:10568
ds:H00006	hsa:931
ds:H01145	hsa:7018
ds:H00608	hsa:367
ds:H00002	hsa:8301
ds:H01753	hsa:2263
ds:H00089	hsa:6772
ds:H00013	hsa:596
ds:H01008	hsa:171023
ds:H01360	hsa:3627
ds:H01174	hsa:50674
ds:H00876	hsa:4072
ds:H00752	hsa:8626
ds:H01307	hsa:8323
ds:H01891	hsa:1200
ds:H01105	hsa:10484
ds:H00073	hsa:5091
ds:H01492	hsa:3123
ds:H01357	hsa:712
ds:H00786	hsa:112802
ds:H01244	hsa:5896
ds:H01900	hsa:56947
ds:H01007	hsa:7157
ds:H00002	hsa:4005
ds:H00598	hsa:9210
ds:H00058	hsa:4137
ds:H01278	hsa:164656
ds:H00779	hsa:7401
ds:H00271	hsa:5297
ds:H00290	hsa:79621
ds:H01666	hsa:3845
ds:H00132	hsa:2990
ds:H01824	hsa:9361
ds:H00838	hsa:55605
ds:H01356	hsa:4564
ds:H01631	hsa:4879
ds:H01202	hsa:7431
ds:H01556	hsa:6598
ds:H00196	hsa:5631
ds:H00421	hsa:138050
ds:H00265	hsa:1786
ds:H00604	hsa:152137
ds:H00123	hsa:2720
ds:H01225	hsa:3418
ds:H00527	hsa:346007
ds:H00922	hsa:26040
ds:H00129	hsa:3423
ds:H01143	hsa:120227
ds:H00606	hsa:79751
ds:H00662	hsa:54507
ds:H00264	hsa:6834
ds:H00463	hsa:3110
ds:H01773	hsa:53834
ds:H00768	hsa:83696
ds:H00058	hsa:2066
ds:H00791	hsa:9733
ds:H00119	hsa:55343
ds:H00773	hsa:1859
ds:H00100	hsa:10456
ds:H00159	hsa:19
ds:H00650	hsa:6567
ds:H00095	hsa:8517
ds:H00015	hsa:7490
ds:H00525	hsa:788
ds:H00040	hsa:3265
ds:H00052	hsa:2130
ds:H00418	hsa:583
ds:H00808	hsa:1181
ds:H01891	hsa:23064
ds:H00458	hsa:7545
ds:H00083	hsa:3690
ds:H00264	hsa:23095
ds:H00606	hsa:79868
ds:H00835	hsa:7915
ds:H01360	hsa:10344
ds:H00247	hsa:5979
ds:H01003	hsa:29958
ds:H01574	hsa:5155
ds:H01095	hsa:2697
ds:H01402	hsa:6595
ds:H00083	hsa:7042
ds:H01492	hsa:3117
ds:H00168	hsa:83938
ds:H00080	hsa:3383
ds:H00668	hsa:2729
ds:H01428	hsa:1643
ds:H01129	hsa:487
ds:H00607	hsa:54361
ds:H01439	hsa:84277
ds:H00095	hsa:4792
ds:H01439	hsa:9031
ds:H00170	hsa:6591
ds:H00409	hsa:7466
ds:H01259	hsa:8139
ds:H00932	hsa:1508
ds:H01554	hsa:675
ds:H00734	hsa:348938
ds:H00228	hsa:3048
ds:H00080	hsa:720
ds:H00821	hsa:1524
ds:H00228	hsa:3043
ds:H01181	hsa:8456
ds:H00264	hsa:3508
ds:H01889	hsa:5000
ds:H01018	hsa:5781
ds:H00516	hsa:1748
ds:H01490	hsa:7132
ds:H01219	hsa:70
ds:H00014	hsa:1956
ds:H00418	hsa:55212
ds:H00238	hsa:2177
ds:H00631	hsa:55869
ds:H00974	hsa:2652
ds:H01118	hsa:5428
ds:H01879	hsa:4297
ds:H01174	hsa:4645
ds:H00214	hsa:5167
ds:H00528	hsa:60529
ds:H00832	hsa:80025
ds:H00014	hsa:10342
ds:H00967	hsa:9370
ds:H00481	hsa:23093
ds:H00665	hsa:4000
ds:H00223	hsa:2147
ds:H01170	hsa:26278
ds:H01904	hsa:54539
ds:H01355	hsa:4537
ds:H00031	hsa:2100
ds:H00837	hsa:9227
ds:H00987	hsa:285489
ds:H01740	hsa:2316
ds:H01275	hsa:3557
ds:H01341	hsa:1292
ds:H00564	hsa:8701
ds:H00069	hsa:5837
ds:H01354	hsa:4728
ds:H00169	hsa:4286
ds:H00595	hsa:9499
ds:H00564	hsa:221421
ds:H00228	hsa:3039
ds:H00083	hsa:7124
ds:H00050	hsa:6757
ds:H01891	hsa:57410
ds:H00836	hsa:6513
ds:H00017	hsa:1956
ds:H01369	hsa:91647
ds:H00294	hsa:10060
ds:H01811	hsa:80184
ds:H00455	hsa:538
ds:H01677	hsa:8777
ds:H00759	hsa:6591
ds:H00211	hsa:30061
ds:H01555	hsa:7270
ds:H00407	hsa:51
ds:H00154	hsa:344
ds:H00621	hsa:55131
ds:H00891	hsa:57505
ds:H00512	hsa:3651
ds:H00523	hsa:5605
ds:H00024	hsa:1027
ds:H01428	hsa:1642
ds:H00632	hsa:220136
ds:H00063	hsa:440193
ds:H00016	hsa:3845
ds:H01504	hsa:3123
ds:H00731	hsa:9992
ds:H00512	hsa:50943
ds:H00837	hsa:1406
ds:H00254	hsa:695
ds:H00044	hsa:7157
ds:H00238	hsa:57697
ds:H00825	hsa:285440
ds:H01167	hsa:1535
ds:H00014	hsa:6098
ds:H00473	hsa:91942
ds:H00619	hsa:6905
ds:H00615	hsa:9622
ds:H00577	hsa:158866
ds:H01577	hsa:26011
ds:H00493	hsa:2131
ds:H00773	hsa:10771
ds:H01740	hsa:23218
ds:H00709	hsa:51305
ds:H00149	hsa:256471
ds:H00022	hsa:1029
ds:H00821	hsa:3426
ds:H00007	hsa:5966
ds:H01508	hsa:2120
ds:H01590	hsa:5156
ds:H01756	hsa:2263
ds:H01657	hsa:51196
ds:H00209	hsa:1356
ds:H00530	hsa:23247
ds:H00770	hsa:1103
ds:H01400	hsa:9056
ds:H00443	hsa:2260
ds:H00004	hsa:7157
ds:H00822	hsa:5979
ds:H00606	hsa:7355
ds:H00094	hsa:472
ds:H00731	hsa:3759
ds:H01781	hsa:3920
ds:H01365	hsa:4538
ds:H01489	hsa:80055
ds:H00057	hsa:23341
ds:H01303	hsa:567
ds:H00469	hsa:56652
ds:H00608	hsa:5447
ds:H00537	hsa:27031
ds:H00015	hsa:794
ds:H00973	hsa:388531
ds:H01762	hsa:5837
ds:H00192	hsa:7498
ds:H00834	hsa:2593
ds:H00294	hsa:7137
ds:H01101	hsa:64788
ds:H00250	hsa:1081
ds:H00251	hsa:7038
ds:H00014	hsa:7157
ds:H00450	hsa:4041
ds:H00473	hsa:7381
ds:H00731	hsa:6327
ds:H00055	hsa:1956
ds:H00833	hsa:23400
ds:H00604	hsa:1690
ds:H01795	hsa:23522
ds:H01439	hsa:64409
ds:H00842	hsa:11322
ds:H01369	hsa:498
ds:H01779	hsa:2512
ds:H00118	hsa:6748
ds:H01763	hsa:7389
ds:H01227	hsa:345611
ds:H00684	hsa:3853
ds:H01390	hsa:5428
ds:H00537	hsa:91147
ds:H00245	hsa:846
ds:H01600	hsa:65018
ds:H00473	hsa:51103
ds:H00407	hsa:23600
ds:H00810	hsa:4758
ds:H00627	hsa:79983
ds:H01884	hsa:1906
ds:H00546	hsa:2627
ds:H00344	hsa:7096
ds:H01287	hsa:1630
ds:H00564	hsa:345895
ds:H00530	hsa:79583
ds:H00530	hsa:23090
ds:H00421	hsa:4669
ds:H00606	hsa:23258
ds:H00093	hsa:3561
ds:H00527	hsa:130557
ds:H00606	hsa:2775
ds:H00535	hsa:54345
ds:H00264	hsa:3035
ds:H00605	hsa:286262
ds:H01439	hsa:7458
ds:H00473	hsa:90624
ds:H01227	hsa:4485
ds:H00577	hsa:6535
ds:H00540	hsa:8517
ds:H00564	hsa:139212
ds:H00177	hsa:5189
ds:H01892	hsa:56940
ds:H00606	hsa:23236
ds:H01600	hsa:23400
ds:H00227	hsa:4352
ds:H00001	hsa:6929
ds:H00527	hsa:5158
ds:H00550	hsa:23389
ds:H01400	hsa:5095
ds:H01188	hsa:29071
ds:H01632	hsa:7137
ds:H01193	hsa:54809
ds:H00598	hsa:284654
ds:H00998	hsa:477
ds:H00831	hsa:8575
ds:H00564	hsa:83544
ds:H00773	hsa:6597
ds:H00581	hsa:1286
ds:H00458	hsa:2077
ds:H00481	hsa:5149
ds:H01019	hsa:2771
ds:H00161	hsa:1717
ds:H00976	hsa:611
ds:H00837	hsa:167691
ds:H00023	hsa:3948
ds:H00458	hsa:2263
ds:H00876	hsa:4292
ds:H00731	hsa:6330
ds:H00856	hsa:60482
ds:H00549	hsa:1482
ds:H00898	hsa:23479
ds:H00787	hsa:6295
ds:H00895	hsa:5727
ds:H01096	hsa:5313
ds:H01369	hsa:4509
ds:H01220	hsa:9150
ds:H00027	hsa:208
ds:H01149	hsa:5308
ds:H00658	hsa:65109
ds:H00460	hsa:3209
ds:H00972	hsa:22858
ds:H00516	hsa:7039
ds:H00457	hsa:3248
ds:H00010	hsa:4609
ds:H00853	hsa:4038
ds:H00048	hsa:4893
ds:H00250	hsa:7252
ds:H00888	hsa:6569
ds:H01355	hsa:4508
ds:H01760	hsa:5256
ds:H00014	hsa:2272
ds:H00843	hsa:340024
ds:H00276	hsa:5476
ds:H00269	hsa:284403
ds:H00036	hsa:1577
ds:H01714	hsa:5265
ds:H00069	hsa:5836
ds:H00770	hsa:285489
ds:H00120	hsa:55624
ds:H00254	hsa:8022
ds:H00036	hsa:1576
ds:H01891	hsa:2911
ds:H01464	hsa:931
ds:H00479	hsa:6023
ds:H00102	hsa:712
ds:H01796	hsa:51702
ds:H00658	hsa:3028
ds:H00921	hsa:26277
ds:H01476	hsa:3586
ds:H01263	hsa:54795
ds:H01732	hsa:6792
ds:H00923	hsa:2752
ds:H01202	hsa:55750
ds:H01202	hsa:3982
ds:H00019	hsa:1029
ds:H01400	hsa:788
ds:H01338	hsa:1292
ds:H00558	hsa:5831
ds:H01354	hsa:1352
ds:H00525	hsa:37
ds:H00763	hsa:1294
ds:H01630	hsa:93166
ds:H00205	hsa:5191
ds:H01556	hsa:1030
ds:H00222	hsa:2266
ds:H00014	hsa:5915
ds:H00003	hsa:6688
ds:H00530	hsa:79867
ds:H00512	hsa:169792
ds:H01481	hsa:3418
ds:H00631	hsa:8243
ds:H00075	hsa:5191
ds:H01261	hsa:6523
ds:H01202	hsa:4810
ds:H00223	hsa:2153
ds:H00894	hsa:9968
ds:H00606	hsa:6487
ds:H00605	hsa:2248
ds:H00685	hsa:158326
ds:H00047	hsa:3845
ds:H00010	hsa:7157
ds:H00186	hsa:383
ds:H01344	hsa:10111
ds:H00589	hsa:23554
ds:H00106	hsa:725
ds:H01361	hsa:85480
ds:H01763	hsa:3145
ds:H01483	hsa:2778
ds:H00018	hsa:7422
ds:H01709	hsa:5054
ds:H00523	hsa:673
ds:H00807	hsa:1135
ds:H00473	hsa:617
ds:H00625	hsa:4040
ds:H00205	hsa:55670
ds:H00837	hsa:343035
ds:H01668	hsa:114335
ds:H01529	hsa:5054
ds:H00869	hsa:8892
ds:H00807	hsa:1141
ds:H00089	hsa:3460
ds:H01497	hsa:22856
ds:H00152	hsa:64240
ds:H01911	hsa:54872
ds:H00022	hsa:5925
ds:H00912	hsa:7132
ds:H00418	hsa:157657
ds:H00821	hsa:2074
ds:H00119	hsa:7841
ds:H00216	hsa:1584
ds:H00605	hsa:9381
ds:H00482	hsa:4920
ds:H01892	hsa:3662
ds:H00764	hsa:9037
ds:H00473	hsa:790955
ds:H00149	hsa:2055
ds:H00418	hsa:123016
ds:H00577	hsa:10159
ds:H00100	hsa:7454
ds:H01703	hsa:4985
ds:H00773	hsa:7994
ds:H00016	hsa:595
ds:H01364	hsa:3033
ds:H01481	hsa:171023
ds:H00480	hsa:6197
ds:H01916	hsa:57477
ds:H00689	hsa:15
ds:H01468	hsa:3586
ds:H00593	hsa:23534
ds:H00655	hsa:7504
ds:H01740	hsa:3674
ds:H00628	hsa:6718
ds:H00058	hsa:9782
ds:H00605	hsa:5269
ds:H01738	hsa:3845
ds:H00544	hsa:8820
ds:H00091	hsa:8456
ds:H00032	hsa:673
ds:H00033	hsa:4893
ds:H01428	hsa:2068
ds:H00810	hsa:9570
ds:H00716	hsa:2706
ds:H00465	hsa:2332
ds:H01227	hsa:3587
ds:H00223	hsa:5054
ds:H00013	hsa:2272
ds:H01555	hsa:6855
ds:H00606	hsa:85440
ds:H00018	hsa:2277
ds:H00683	hsa:343637
ds:H00844	hsa:27032
ds:H00018	hsa:324
ds:H00015	hsa:1029
ds:H00593	hsa:7273
ds:H00737	hsa:1475
ds:H00473	hsa:84300
ds:H00514	hsa:60681
ds:H00028	hsa:2064
ds:H01463	hsa:4609
ds:H00118	hsa:440138
ds:H01705	hsa:64072
ds:H00481	hsa:9364
ds:H00255	hsa:2796
ds:H01590	hsa:3799
ds:H00035	hsa:2130
ds:H00020	hsa:581
ds:H00015	hsa:3480
ds:H00875	hsa:23209
ds:H01834	hsa:4784
ds:H00342	hsa:3459
ds:H01027	hsa:83552
ds:H01754	hsa:2263
ds:H00659	hsa:6497
ds:H00615	hsa:256764
ds:H00271	hsa:9896
ds:H00239	hsa:3758
ds:H00036	hsa:4609
ds:H00179	hsa:3155
ds:H00947	hsa:1499
ds:H01202	hsa:1969
ds:H00893	hsa:1832
ds:H00242	hsa:6340
ds:H00211	hsa:3077
ds:H01574	hsa:5159
ds:H00118	hsa:790
ds:H01891	hsa:6712
ds:H01287	hsa:5888
ds:H00542	hsa:5310
ds:H00516	hsa:2052
ds:H01593	hsa:5741
ds:H01403	hsa:6598
ds:H00837	hsa:6121
ds:H01347	hsa:4574
ds:H00538	hsa:4867
ds:H01202	hsa:2703
ds:H00269	hsa:259266
ds:H00679	hsa:55703
ds:H01516	hsa:3606
ds:H01354	hsa:4704
ds:H00663	hsa:10269
ds:H01075	hsa:1545
ds:H01237	hsa:6821
ds:H00687	hsa:341640
ds:H01490	hsa:3123
ds:H01202	hsa:1420
ds:H01463	hsa:7157
ds:H01428	hsa:2073
ds:H00527	hsa:24
ds:H00593	hsa:6444
ds:H00025	hsa:4609
ds:H00670	hsa:3887
ds:H01559	hsa:7157
ds:H00140	hsa:4126
ds:H01740	hsa:2623
ds:H00698	hsa:7169
ds:H00530	hsa:200894
ds:H00915	hsa:7248
ds:H00127	hsa:410
ds:H00118	hsa:201595
ds:H01464	hsa:1029
ds:H00238	hsa:79728
ds:H00786	hsa:121391
ds:H01231	hsa:80704
ds:H01722	hsa:84942
ds:H00238	hsa:83990
ds:H01118	hsa:50484
ds:H01215	hsa:8481
ds:H00587	hsa:1294
ds:H00046	hsa:3845
ds:H00667	hsa:121391
ds:H00237	hsa:6229
ds:H01368	hsa:10128
ds:H00731	hsa:2702
ds:H00105	hsa:4153
ds:H00606	hsa:57465
ds:H00234	hsa:3930
ds:H00593	hsa:29925
ds:H00047	hsa:7157
ds:H00080	hsa:3557
ds:H00865	hsa:2065
ds:H00271	hsa:27286
ds:H01470	hsa:8600
ds:H00760	hsa:6399
ds:H00208	hsa:54658
ds:H00236	hsa:2057
ds:H01514	hsa:26610
ds:H00342	hsa:6556
ds:H01573	hsa:526
ds:H00118	hsa:8818
ds:H01433	hsa:2153
ds:H00047	hsa:1029
ds:H00035	hsa:2118
ds:H00680	hsa:5745
ds:H00053	hsa:2130
ds:H00982	hsa:22
ds:H00779	hsa:84059
ds:H00961	hsa:58495
ds:H00762	hsa:9469
ds:H00408	hsa:3117
ds:H00506	hsa:871
ds:H00239	hsa:7809
ds:H01657	hsa:23165
ds:H00007	hsa:3586
ds:H00473	hsa:4728
ds:H00045	hsa:546
ds:H01482	hsa:6513
ds:H01694	hsa:3105
ds:H00525	hsa:3030
ds:H00816	hsa:9990
ds:H01017	hsa:5784
ds:H00590	hsa:1292
ds:H00018	hsa:596
ds:H01901	hsa:4481
ds:H00420	hsa:5468
ds:H01667	hsa:4609
ds:H01830	hsa:51025
ds:H01132	hsa:7015
ds:H00770	hsa:6329
ds:H01204	hsa:51761
ds:H00627	hsa:2334
ds:H01572	hsa:5034
ds:H01890	hsa:1495
ds:H00266	hsa:51062
ds:H00292	hsa:8048
ds:H01265	hsa:219844
ds:H00891	hsa:4285
ds:H01778	hsa:1303
ds:H01019	hsa:845
ds:H01396	hsa:2982
ds:H00422	hsa:4758
ds:H00895	hsa:51684
ds:H00189	hsa:4942
ds:H00238	hsa:2189
ds:H00292	hsa:51422
ds:H01632	hsa:7139
ds:H00042	hsa:1956
ds:H00720	hsa:10142
ds:H00850	hsa:257
ds:H00080	hsa:3117
ds:H00202	hsa:3145
ds:H00035	hsa:54738
ds:H01155	hsa:4359
ds:H00017	hsa:7039
ds:H00993	hsa:100151683
ds:H01866	hsa:440275
ds:H00490	hsa:6916
ds:H00103	hsa:732
ds:H01360	hsa:3596
ds:H00604	hsa:1834
ds:H00024	hsa:2005
ds:H01202	hsa:1427
ds:H00519	hsa:1301
ds:H00768	hsa:3176
ds:H00085	hsa:55144
ds:H00604	hsa:1687
ds:H00787	hsa:778
ds:H00031	hsa:7157
ds:H00768	hsa:3340
ds:H00811	hsa:2201
ds:H00462	hsa:3977
ds:H00575	hsa:185
ds:H00418	hsa:166379
ds:H01772	hsa:1028
ds:H01349	hsa:26275
ds:H00446	hsa:5077
ds:H01630	hsa:4629
ds:H00768	hsa:55250
ds:H00255	hsa:8822
ds:H00598	hsa:29893
ds:H01828	hsa:3636
ds:H00506	hsa:121340
ds:H00295	hsa:1401
ds:H00767	hsa:4148
ds:H00167	hsa:5805
ds:H00195	hsa:353
ds:H00526	hsa:10216
ds:H01726	hsa:3075
ds:H00027	hsa:7018
ds:H01342	hsa:5190
ds:H00480	hsa:6535
ds:H00154	hsa:4023
ds:H00585	hsa:3909
ds:H00119	hsa:7355
ds:H00570	hsa:8085
ds:H01022	hsa:4967
ds:H00480	hsa:11141
ds:H01457	hsa:5444
ds:H00026	hsa:5241
ds:H00605	hsa:117531
ds:H00417	hsa:7840
ds:H00048	hsa:8312
ds:H01490	hsa:3119
ds:H00418	hsa:84100
ds:H00125	hsa:2717
ds:H01432	hsa:23230
ds:H00890	hsa:8287
ds:H01439	hsa:1365
ds:H00544	hsa:6657
ds:H00455	hsa:6606
ds:H00223	hsa:2158
ds:H00274	hsa:1075
ds:H00891	hsa:9131
ds:H00678	hsa:9321
ds:H00658	hsa:8450
ds:H00577	hsa:10479
ds:H01160	hsa:2018
ds:H00474	hsa:23169
ds:H00255	hsa:2253
ds:H00029	hsa:5728
ds:H00120	hsa:79147
ds:H00481	hsa:778
ds:H00607	hsa:190
ds:H00021	hsa:2271
ds:H00122	hsa:2131
ds:H00891	hsa:124454
ds:H00593	hsa:9987
ds:H01476	hsa:3595
ds:H00032	hsa:4914
ds:H00679	hsa:3329
ds:H01368	hsa:1340
ds:H00118	hsa:79868
ds:H00172	hsa:1738
ds:H01232	hsa:83737
ds:H00529	hsa:57539
ds:H00892	hsa:6340
ds:H00629	hsa:64327
ds:H00039	hsa:6469
ds:H01183	hsa:10560
ds:H00839	hsa:1284
ds:H01367	hsa:4141
ds:H00801	hsa:4629
ds:H00408	hsa:3123
ds:H01613	hsa:9757
ds:H00734	hsa:23581
ds:H00422	hsa:2720
ds:H00667	hsa:200879
ds:H00658	hsa:23133
ds:H00418	hsa:80173
ds:H01413	hsa:57572
ds:H00604	hsa:117531
ds:H01832	hsa:9791
ds:H01667	hsa:7157
ds:H00832	hsa:57338
ds:H00606	hsa:170302
ds:H00192	hsa:55034
ds:H00192	hsa:4338
ds:H00688	hsa:8863
ds:H00927	hsa:51128
ds:H01403	hsa:6605
ds:H01481	hsa:3417
ds:H00842	hsa:147138
ds:H00798	hsa:7276
ds:H01511	hsa:914
ds:H00861	hsa:3651
ds:H00724	hsa:3851
ds:H00628	hsa:5825
ds:H00254	hsa:89884
ds:H00031	hsa:5925
ds:H00635	hsa:54765
ds:H01600	hsa:5071
ds:H01511	hsa:943
ds:H01439	hsa:51085
ds:H00992	hsa:5932
ds:H00224	hsa:2811
ds:H01524	hsa:6899
ds:H00363	hsa:112744
ds:H01376	hsa:25885
ds:H00080	hsa:3603
ds:H00604	hsa:6495
ds:H00049	hsa:7431
ds:H00223	hsa:2244
ds:H00891	hsa:65080
ds:H00604	hsa:246213
ds:H00286	hsa:149233
ds:H01200	hsa:9997
ds:H00888	hsa:9368
ds:H00897	hsa:114034
ds:H01915	hsa:84295
ds:H00564	hsa:85478
ds:H00615	hsa:10117
ds:H00261	hsa:23322
ds:H00702	hsa:7170
ds:H01235	hsa:342618
ds:H01637	hsa:4023
ds:H00420	hsa:84823
ds:H00134	hsa:412
ds:H01603	hsa:3762
ds:H01579	hsa:10982
ds:H00593	hsa:26092
ds:H00770	hsa:1140
ds:H01738	hsa:6016
ds:H00232	hsa:6521
ds:H00513	hsa:6833
ds:H01109	hsa:23765
ds:H00149	hsa:1200
ds:H00069	hsa:5224
ds:H00734	hsa:643418
ds:H00891	hsa:79587
ds:H00428	hsa:6521
ds:H01728	hsa:26281
ds:H00605	hsa:259236
ds:H00606	hsa:23732
ds:H00897	hsa:51010
ds:H00016	hsa:5925
ds:H00017	hsa:1029
ds:H00268	hsa:10300
ds:H01516	hsa:3123
ds:H00746	hsa:6329
ds:H00711	hsa:3481
ds:H00593	hsa:6445
ds:H00593	hsa:29954
ds:H00484	hsa:2254
ds:H00811	hsa:7136
ds:H01351	hsa:26278
ds:H00084	hsa:3458
ds:H00480	hsa:3028
ds:H00855	hsa:64327
ds:H00480	hsa:1741
ds:H00468	hsa:658
ds:H00625	hsa:5083
ds:H01760	hsa:2998
ds:H00506	hsa:649
ds:H00104	hsa:629
ds:H00731	hsa:10060
ds:H00773	hsa:1013
ds:H00564	hsa:388389
ds:H01621	hsa:659
ds:H01557	hsa:7157
ds:H00577	hsa:10084
ds:H00459	hsa:3239
ds:H00527	hsa:3614
ds:H00916	hsa:5979
ds:H00870	hsa:3239
ds:H01400	hsa:4942
ds:H00802	hsa:126792
ds:H00035	hsa:7431
ds:H00266	hsa:118813
ds:H00108	hsa:1493
ds:H00204	hsa:55670
ds:H00004	hsa:25
ds:H01850	hsa:2260
ds:H00537	hsa:79809
ds:H00605	hsa:53904
ds:H00801	hsa:2301
ds:H00205	hsa:5192
ds:H01019	hsa:801
ds:H00082	hsa:7252
ds:H00408	hsa:26191
ds:H00884	hsa:4254
ds:H00238	hsa:2178
ds:H00035	hsa:3948
ds:H00551	hsa:4853
ds:H00679	hsa:5354
ds:H00001	hsa:4609
ds:H00119	hsa:7018
ds:H00808	hsa:2566
ds:H00048	hsa:1499
ds:H01078	hsa:3818
ds:H00250	hsa:7067
ds:H00590	hsa:3679
ds:H00599	hsa:1589
ds:H01778	hsa:1292
ds:H00235	hsa:1528
ds:H00268	hsa:7531
ds:H00720	hsa:287
ds:H01556	hsa:51684
ds:H00502	hsa:2737
ds:H00118	hsa:4351
ds:H00547	hsa:2627
ds:H00294	hsa:7414
ds:H01102	hsa:5573
ds:H00403	hsa:5429
ds:H00768	hsa:54888
ds:H00832	hsa:23230
ds:H01202	hsa:8419
ds:H01713	hsa:285834
ds:H01763	hsa:212
ds:H01202	hsa:1413
ds:H01006	hsa:2161
ds:H00046	hsa:5743
ds:H00679	hsa:57165
ds:H00249	hsa:7068
ds:H00469	hsa:7084
ds:H00564	hsa:374407
ds:H00701	hsa:57190
ds:H00595	hsa:1674
ds:H00473	hsa:374291
ds:H01167	hsa:653361
ds:H01354	hsa:51204
ds:H00527	hsa:10210
ds:H00910	hsa:5979
ds:H01202	hsa:1411
ds:H00754	hsa:549
ds:H01732	hsa:4204
ds:H00486	hsa:4038
ds:H01433	hsa:3717
ds:H00731	hsa:3784
ds:H00078	hsa:7415
ds:H00464	hsa:81620
ds:H00519	hsa:1302
ds:H00635	hsa:26610
ds:H01668	hsa:94115
ds:H00024	hsa:354
ds:H01351	hsa:10749
ds:H00527	hsa:6101
ds:H00422	hsa:4125
ds:H00802	hsa:1281
ds:H00542	hsa:5311
ds:H01649	hsa:27185
ds:H00080	hsa:7412
ds:H00033	hsa:1026
ds:H01267	hsa:2645
ds:H00013	hsa:5728
ds:H00409	hsa:3767
ds:H00773	hsa:1804
ds:H00512	hsa:256297
ds:H01450	hsa:6532
ds:H00740	hsa:51360
ds:H00440	hsa:2290
ds:H00052	hsa:2315
ds:H00607	hsa:546
ds:H00410	hsa:3767
ds:H01567	hsa:27010
ds:H01748	hsa:58484
ds:H00080	hsa:1401
ds:H00523	hsa:5604
ds:H00856	hsa:59341
ds:H00821	hsa:10516
ds:H01508	hsa:84441
ds:H00779	hsa:7399
ds:H00783	hsa:112755
ds:H00024	hsa:85414
ds:H01917	hsa:50814
ds:H00022	hsa:2064
ds:H00537	hsa:84662
ds:H00473	hsa:4694
ds:H00564	hsa:51364
ds:H00810	hsa:2629
ds:H00023	hsa:174
ds:H00517	hsa:145873
ds:H00079	hsa:7124
ds:H01476	hsa:149233
ds:H00951	hsa:7045
ds:H00527	hsa:8842
ds:H00626	hsa:23607
ds:H00546	hsa:10370
ds:H00108	hsa:8771
ds:H00957	hsa:200576
ds:H00124	hsa:2760
ds:H01728	hsa:5314
ds:H00523	hsa:4893
ds:H00943	hsa:8241
ds:H00069	hsa:6514
ds:H01404	hsa:79719
ds:H00436	hsa:4041
ds:H00057	hsa:1981
ds:H00537	hsa:23090
ds:H00914	hsa:1663
ds:H00084	hsa:7124
ds:H00577	hsa:3897
ds:H00409	hsa:4853
ds:H00773	hsa:2904
ds:H00603	hsa:4306
ds:H00781	hsa:80326
ds:H00036	hsa:6302
ds:H00021	hsa:771
ds:H00773	hsa:10087
ds:H00053	hsa:8148
ds:H00292	hsa:4624
ds:H01439	hsa:135892
ds:H01197	hsa:1719
ds:H00431	hsa:1291
ds:H01174	hsa:1811
ds:H00049	hsa:1649
ds:H01554	hsa:672
ds:H00594	hsa:203859
ds:H00025	hsa:999
ds:H01204	hsa:7436
ds:H01478	hsa:4287
ds:H01700	hsa:2691
ds:H00094	hsa:4683
ds:H01128	hsa:204
ds:H00024	hsa:2118
ds:H01355	hsa:4538
ds:H00869	hsa:1967
ds:H01668	hsa:94027
ds:H00004	hsa:861
ds:H00999	hsa:56997
ds:H00266	hsa:3329
ds:H00020	hsa:2956
ds:H00239	hsa:846
ds:H00553	hsa:2006
ds:H00023	hsa:1082
ds:H01592	hsa:3845
ds:H00624	hsa:5244
ds:H00590	hsa:5339
ds:H00527	hsa:10002
ds:H00455	hsa:23299
ds:H00541	hsa:7369
ds:H01760	hsa:5836
ds:H00009	hsa:7157
ds:H00731	hsa:9631
ds:H01891	hsa:55775
ds:H00102	hsa:421
ds:H00675	hsa:3549
ds:H01463	hsa:89795
ds:H00537	hsa:23005
ds:H00473	hsa:55572
ds:H00185	hsa:10165
ds:H00133	hsa:3373
ds:H00852	hsa:4222
ds:H01354	hsa:1355
ds:H00726	hsa:3850
ds:H00018	hsa:1630
ds:H00986	hsa:1134
ds:H00787	hsa:440435
ds:H00679	hsa:55823
ds:H01762	hsa:2548
ds:H00821	hsa:10878
ds:H00601	hsa:4000
ds:H00294	hsa:11155
ds:H00146	hsa:4668
ds:H00720	hsa:3757
ds:H00294	hsa:282996
ds:H01267	hsa:6566
ds:H00117	hsa:189
ds:H00057	hsa:11315
ds:H00944	hsa:3852
ds:H01270	hsa:27329
ds:H00527	hsa:84100
ds:H01576	hsa:54
ds:H01773	hsa:1487
ds:H00592	hsa:825
ds:H00081	hsa:3119
ds:H01404	hsa:7373
ds:H01439	hsa:114049
ds:H01113	hsa:53
ds:H00119	hsa:4247
ds:H00715	hsa:488
ds:H00266	hsa:51324
ds:H00053	hsa:7431
ds:H01125	hsa:6708
ds:H00500	hsa:4256
ds:H00118	hsa:1650
ds:H01360	hsa:6352
ds:H00531	hsa:7010
ds:H00052	hsa:6271
ds:H00408	hsa:3559
ds:H00088	hsa:29851
ds:H01470	hsa:3265
ds:H00223	hsa:3053
ds:H00838	hsa:10381
ds:H01889	hsa:8318
ds:H00856	hsa:3315
ds:H00805	hsa:7439
ds:H01143	hsa:7421
ds:H01117	hsa:9663
ds:H00006	hsa:604
ds:H00491	hsa:56172
ds:H00810	hsa:154881
ds:H00544	hsa:5015
ds:H00084	hsa:7040
ds:H00086	hsa:958
ds:H00479	hsa:4318
ds:H01284	hsa:64374
ds:H01347	hsa:4575
ds:H00982	hsa:54977
ds:H00013	hsa:5915
ds:H01881	hsa:7280
ds:H00548	hsa:4128
ds:H00471	hsa:7480
ds:H00226	hsa:3690
ds:H00042	hsa:5155
ds:H00264	hsa:2617
ds:H00039	hsa:8626
ds:H00026	hsa:3845
ds:H01027	hsa:6469
ds:H00600	hsa:54361
ds:H00237	hsa:6125
ds:H00482	hsa:3239
ds:H00598	hsa:6662
ds:H01671	hsa:1815
ds:H00605	hsa:23562
ds:H00605	hsa:25861
ds:H00431	hsa:1302
ds:H00512	hsa:2645
ds:H01593	hsa:7421
ds:H00778	hsa:9241
ds:H00720	hsa:6640
ds:H00831	hsa:25953
ds:H01219	hsa:7137
ds:H01358	hsa:3566
ds:H01700	hsa:3730
ds:H01888	hsa:1954
ds:H00527	hsa:762
ds:H00082	hsa:1493
ds:H00891	hsa:25828
ds:H00531	hsa:11146
ds:H01646	hsa:3356
ds:H00293	hsa:3728
ds:H00409	hsa:1029
ds:H00024	hsa:4824
ds:H00294	hsa:1674
ds:H00101	hsa:51119
ds:H00605	hsa:4646
ds:H00805	hsa:1462
ds:H00255	hsa:389549
ds:H00810	hsa:4564
ds:H00615	hsa:3914
ds:H01668	hsa:1082
ds:H00579	hsa:1282
ds:H00069	hsa:3939
ds:H00063	hsa:339453
ds:H00031	hsa:4609
ds:H00410	hsa:6928
ds:H00481	hsa:5146
ds:H00219	hsa:7450
ds:H01508	hsa:367
ds:H01174	hsa:4072
ds:H00084	hsa:3596
ds:H01806	hsa:54941
ds:H00473	hsa:28976
ds:H00063	hsa:6908
ds:H00773	hsa:55777
ds:H01114	hsa:6297
ds:H00605	hsa:161497
ds:H01510	hsa:7422
ds:H00605	hsa:146183
ds:H00593	hsa:5339
ds:H00088	hsa:930
ds:H00562	hsa:1756
ds:H00079	hsa:2206
ds:H00025	hsa:648
ds:H00624	hsa:84916
ds:H01611	hsa:217
ds:H00845	hsa:4069
ds:H01668	hsa:174
ds:H00292	hsa:4633
ds:H00892	hsa:6337
ds:H00723	hsa:3868
ds:H00523	hsa:6016
ds:H00005	hsa:7157
ds:H00937	hsa:3973
ds:H01649	hsa:4524
ds:H00464	hsa:4998
ds:H00527	hsa:79947
ds:H00687	hsa:23426
ds:H00606	hsa:6506
ds:H00506	hsa:60681
ds:H00590	hsa:29954
ds:H00290	hsa:25939
ds:H01202	hsa:3299
ds:H01360	hsa:3606
ds:H01356	hsa:4566
ds:H00099	hsa:83706
ds:H01525	hsa:6899
ds:H00787	hsa:2916
ds:H00027	hsa:94025
ds:H01351	hsa:55149
ds:H00605	hsa:389207
ds:H00565	hsa:6445
ds:H01613	hsa:931
ds:H00421	hsa:2799
ds:H00268	hsa:54820
ds:H01194	hsa:10682
ds:H01118	hsa:7084
ds:H00444	hsa:139285
ds:H00837	hsa:23418
ds:H00852	hsa:84700
ds:H00731	hsa:4878
ds:H00577	hsa:84295
ds:H00068	hsa:4514
ds:H00178	hsa:79783
ds:H01633	hsa:4306
ds:H00030	hsa:1956
ds:H00226	hsa:3674
ds:H00581	hsa:1285
ds:H00046	hsa:2064
ds:H00577	hsa:8242
ds:H00787	hsa:57010
ds:H00713	hsa:3481
ds:H00149	hsa:1203
ds:H00223	hsa:5340
ds:H00473	hsa:4538
ds:H00901	hsa:6519
ds:H01637	hsa:348
ds:H00702	hsa:7169
ds:H01815	hsa:6323
ds:H00060	hsa:1822
ds:H00054	hsa:1029
ds:H01763	hsa:2235
ds:H01700	hsa:7201
ds:H00003	hsa:25
ds:H00563	hsa:2010
ds:H01756	hsa:2260
ds:H00145	hsa:175
ds:H00118	hsa:79087
ds:H00692	hsa:4952
ds:H00530	hsa:51524
ds:H00833	hsa:2512
ds:H01510	hsa:55654
ds:H00436	hsa:760
ds:H00005	hsa:567
ds:H00773	hsa:26040
ds:H01667	hsa:51684
ds:H00018	hsa:634
ds:H00430	hsa:90
ds:H00027	hsa:567
ds:H00057	hsa:6622
ds:H00231	hsa:6710
ds:H00728	hsa:10021
ds:H00805	hsa:3769
ds:H01177	hsa:4508
ds:H00599	hsa:5447
ds:H00720	hsa:6330
ds:H00507	hsa:26277
ds:H00032	hsa:5979
ds:H00551	hsa:182
ds:H00849	hsa:2593
ds:H00010	hsa:567
ds:H01751	hsa:2146
ds:H00083	hsa:7040
ds:H00408	hsa:3710
ds:H01201	hsa:1678
ds:H00599	hsa:1588
ds:H01593	hsa:4041
ds:H00009	hsa:355
ds:H00480	hsa:24140
ds:H01304	hsa:153201
ds:H01202	hsa:1418
ds:H01196	hsa:4891
ds:H00018	hsa:960
ds:H01032	hsa:162417
ds:H00506	hsa:64175
ds:H01508	hsa:2064
ds:H00764	hsa:1501
ds:H00178	hsa:2108
ds:H01439	hsa:6804
ds:H01362	hsa:3117
ds:H00605	hsa:2103
ds:H00513	hsa:57061
ds:H00482	hsa:5744
ds:H00205	hsa:5189
ds:H00294	hsa:7168
ds:H00010	hsa:7468
ds:H00793	hsa:79650
ds:H00420	hsa:208
ds:H00037	hsa:5077
ds:H00001	hsa:4297
ds:H00458	hsa:9401
ds:H00784	hsa:147409
ds:H01341	hsa:1293
ds:H00426	hsa:3073
ds:H00038	hsa:5728
ds:H00620	hsa:5308
ds:H00296	hsa:9401
ds:H00255	hsa:6866
ds:H01481	hsa:7157
ds:H00062	hsa:367
ds:H01289	hsa:4591
ds:H00015	hsa:3853
ds:H01011	hsa:9095
ds:H00432	hsa:1834
ds:H01555	hsa:54474
ds:H01570	hsa:10846
ds:H00011	hsa:567
ds:H01174	hsa:6550
ds:H00802	hsa:1290
ds:H00608	hsa:3293
ds:H00207	hsa:8540
ds:H00827	hsa:1540
ds:H00805	hsa:1301
ds:H01302	hsa:771
ds:H01236	hsa:56172
ds:H00037	hsa:5081
ds:H00821	hsa:387715
ds:H01097	hsa:23189
ds:H00063	hsa:10528
ds:H01700	hsa:8022
ds:H01891	hsa:10273
ds:H00720	hsa:6331
ds:H00001	hsa:2120
ds:H00523	hsa:3265
ds:H00055	hsa:7157
ds:H00527	hsa:6102
ds:H01700	hsa:2798
ds:H01075	hsa:5308
ds:H00632	hsa:93
ds:H00002	hsa:6886
ds:H00900	hsa:9719
ds:H00480	hsa:7102
ds:H00787	hsa:6010
ds:H01121	hsa:5019
ds:H01002	hsa:5167
ds:H01180	hsa:7003
ds:H00436	hsa:1186
ds:H00720	hsa:801
ds:H00738	hsa:3858
ds:H00027	hsa:4292
ds:H01901	hsa:115908
ds:H01893	hsa:4854
ds:H00045	hsa:1616
ds:H00773	hsa:10522
ds:H00088	hsa:23495
ds:H00582	hsa:1285
ds:H00046	hsa:4233
ds:H00564	hsa:23639
ds:H00584	hsa:3861
ds:H00251	hsa:405753
ds:H00403	hsa:2072
ds:H00426	hsa:3074
ds:H01891	hsa:6548
ds:H01489	hsa:9487
ds:H00676	hsa:2301
ds:H00044	hsa:6317
ds:H00254	hsa:3479
ds:H00564	hsa:92749
ds:H00891	hsa:57176
ds:H00604	hsa:2070
ds:H00485	hsa:7474
ds:H00988	hsa:5651
ds:H00294	hsa:2070
ds:H00454	hsa:8481
ds:H00458	hsa:7291
ds:H01522	hsa:2520
ds:H00286	hsa:55054
ds:H00244	hsa:8675
ds:H01235	hsa:3673
ds:H01299	hsa:653509
ds:H00473	hsa:4723
ds:H00147	hsa:26503
ds:H00021	hsa:7030
ds:H00986	hsa:1144
ds:H01772	hsa:190
ds:H00243	hsa:65125
ds:H01163	hsa:866
ds:H00020	hsa:1630
ds:H00002	hsa:8028
ds:H00010	hsa:4094
ds:H00054	hsa:11186
ds:H00783	hsa:6324
ds:H00784	hsa:10161
ds:H00024	hsa:5728
ds:H01768	hsa:5961
ds:H01494	hsa:3835
ds:H00925	hsa:3028
ds:H00773	hsa:6664
ds:H00831	hsa:2643
ds:H00713	hsa:283120
ds:H00469	hsa:1716
ds:H00024	hsa:2950
ds:H00048	hsa:3482
ds:H00286	hsa:6583
ds:H00080	hsa:7100
ds:H00863	hsa:579
ds:H01202	hsa:2651
ds:H00035	hsa:27087
ds:H01821	hsa:5130
ds:H00054	hsa:999
ds:H00625	hsa:64388
ds:H00476	hsa:1297
ds:H00207	hsa:5191
ds:H00971	hsa:22926
ds:H00622	hsa:6905
ds:H01438	hsa:4771
ds:H00267	hsa:7050
ds:H00544	hsa:6658
ds:H00555	hsa:7021
ds:H00989	hsa:1678
ds:H01511	hsa:3563
ds:H00547	hsa:2626
ds:H00192	hsa:316
ds:H00262	hsa:4548
ds:H01115	hsa:26090
ds:H00126	hsa:5660
ds:H01880	hsa:10733
ds:H00960	hsa:1296
ds:H00036	hsa:5925
ds:H01102	hsa:4221
ds:H00564	hsa:2622
ds:H00093	hsa:5896
ds:H00056	hsa:348
ds:H00837	hsa:3614
ds:H00286	hsa:9966
ds:H00292	hsa:4625
ds:H00672	hsa:9119
ds:H01146	hsa:95
ds:H01075	hsa:145173
ds:H00232	hsa:6005
ds:H01621	hsa:94
ds:H00530	hsa:95681
ds:H01024	hsa:657
ds:H00061	hsa:5621
ds:H01891	hsa:9711
ds:H00454	hsa:26123
ds:H00594	hsa:4625
ds:H00431	hsa:7043
ds:H00517	hsa:3955
ds:H00082	hsa:3123
ds:H00294	hsa:5663
ds:H00992	hsa:10293
ds:H01796	hsa:7053
ds:H00631	hsa:9126
ds:H00425	hsa:1513
ds:H00949	hsa:64840
ds:H01365	hsa:4541
ds:H01015	hsa:26504
ds:H00003	hsa:7704
ds:H01368	hsa:84987
ds:H01678	hsa:7545
ds:H00214	hsa:1184
ds:H00871	hsa:55157
ds:H00064	hsa:472
ds:H00775	hsa:773
ds:H00454	hsa:83479
ds:H01700	hsa:8820
ds:H00609	hsa:3640
ds:H00529	hsa:55764
ds:H00790	hsa:51371
ds:H00001	hsa:64109
ds:H00773	hsa:5518
ds:H00243	hsa:6338
ds:H00698	hsa:390594
ds:H00262	hsa:4522
ds:H00612	hsa:1545
ds:H00756	hsa:26047
ds:H00040	hsa:3845
ds:H00001	hsa:5079
ds:H01762	hsa:5224
ds:H00028	hsa:7157
ds:H00063	hsa:3708
ds:H00085	hsa:973
ds:H01365	hsa:4535
ds:H00081	hsa:3123
ds:H00075	hsa:5264
ds:H01012	hsa:3166
ds:H00217	hsa:6440
ds:H00049	hsa:2521
ds:H00294	hsa:3119
ds:H01492	hsa:6775
ds:H00897	hsa:116461
ds:H00783	hsa:2563
ds:H00549	hsa:6899
ds:H00605	hsa:4647
ds:H00026	hsa:1048
ds:H00482	hsa:3549
ds:H01239	hsa:5660
ds:H00822	hsa:7380
ds:H01413	hsa:57514
ds:H01579	hsa:203068
ds:H01621	hsa:440275
ds:H00787	hsa:5158
ds:H00029	hsa:7157
ds:H00483	hsa:8200
ds:H00999	hsa:57107
ds:H00626	hsa:4868
ds:H00238	hsa:55215
ds:H00891	hsa:123263
ds:H00057	hsa:55737
ds:H01193	hsa:8074
ds:H01361	hsa:10344
ds:H00057	hsa:7345
ds:H00773	hsa:26053
ds:H00053	hsa:6855
ds:H00599	hsa:3284
ds:H01094	hsa:8288
ds:H00237	hsa:6223
ds:H00758	hsa:8838
ds:H01360	hsa:1230
ds:H00470	hsa:4882
ds:H00480	hsa:7592
ds:H00184	hsa:4143
ds:H00205	hsa:5828
ds:H00268	hsa:5048
ds:H01827	hsa:27286
ds:H01199	hsa:1071
ds:H01225	hsa:728294
ds:H00577	hsa:2892
ds:H01633	hsa:6340
ds:H00202	hsa:1371
ds:H01288	hsa:701
ds:H01613	hsa:1387
ds:H00293	hsa:5318
ds:H00007	hsa:355
ds:H01649	hsa:1814
ds:H00035	hsa:2078
ds:H00087	hsa:1789
ds:H01556	hsa:207
ds:H01489	hsa:51604
ds:H00481	hsa:84839
ds:H01630	hsa:59
ds:H00177	hsa:55670
ds:H00804	hsa:2271
ds:H00409	hsa:169026
ds:H00292	hsa:70
ds:H00080	hsa:2215
ds:H00887	hsa:348
ds:H00837	hsa:57096
ds:H01907	hsa:3483
ds:H00119	hsa:2683
ds:H00557	hsa:5831
ds:H01640	hsa:1287
ds:H00620	hsa:2296
ds:H00506	hsa:5479
ds:H00103	hsa:733
ds:H00080	hsa:5133
ds:H00980	hsa:5351
ds:H00897	hsa:11340
ds:H00202	hsa:210
ds:H00698	hsa:56203
ds:H01639	hsa:94025
ds:H01678	hsa:84107
ds:H00679	hsa:10382
ds:H01229	hsa:4620
ds:H00191	hsa:2731
ds:H00749	hsa:3736
ds:H00021	hsa:7423
ds:H00080	hsa:3561
ds:H00215	hsa:10008
ds:H01633	hsa:1584
ds:H00269	hsa:57082
ds:H00481	hsa:22999
ds:H01354	hsa:91942
ds:H00575	hsa:1636
ds:H00590	hsa:10585
ds:H00118	hsa:29929
ds:H00030	hsa:6317
ds:H00120	hsa:29954
ds:H00202	hsa:7389
ds:H00801	hsa:59
ds:H01204	hsa:767
ds:H01368	hsa:100131801
ds:H01202	hsa:631
ds:H00005	hsa:25
ds:H00627	hsa:9210
ds:H01249	hsa:23474
ds:H00607	hsa:1646
ds:H00945	hsa:2165
ds:H00208	hsa:28234
ds:H00418	hsa:80184
ds:H01886	hsa:91179
ds:H00120	hsa:84892
ds:H00495	hsa:5745
ds:H01400	hsa:2110
ds:H00537	hsa:22897
ds:H01001	hsa:91147
ds:H00527	hsa:6010
ds:H01668	hsa:1152
ds:H00582	hsa:1286
ds:H01400	hsa:54968
ds:H01657	hsa:7827
ds:H01210	hsa:1950
ds:H00451	hsa:4041
ds:H00037	hsa:4193
ds:H00506	hsa:1278
ds:H01216	hsa:4625
ds:H01574	hsa:6575
ds:H00342	hsa:7421
ds:H01807	hsa:1436
ds:H00754	hsa:80207
ds:H01899	hsa:9856
ds:H00538	hsa:9657
ds:H00754	hsa:84947
ds:H00143	hsa:84572
ds:H00480	hsa:2334
ds:H00473	hsa:51300
ds:H01439	hsa:155368
ds:H00049	hsa:2130
ds:H00239	hsa:1188
ds:H01434	hsa:3078
ds:H00418	hsa:11020
ds:H00118	hsa:56052
ds:H00005	hsa:3948
ds:H00819	hsa:54714
ds:H01646	hsa:2289
ds:H01199	hsa:345
ds:H00473	hsa:4535
ds:H01492	hsa:26191
ds:H00229	hsa:3043
ds:H00873	hsa:6913
ds:H00408	hsa:64135
ds:H00172	hsa:593
ds:H00423	hsa:5660
ds:H00010	hsa:3845
ds:H00634	hsa:57167
ds:H00933	hsa:5644
ds:H01720	hsa:6521
ds:H00076	hsa:2074
ds:H00051	hsa:7030
ds:H01891	hsa:2895
ds:H00422	hsa:4668
ds:H00605	hsa:10804
ds:H00624	hsa:5205
ds:H01436	hsa:5376
ds:H00236	hsa:7428
ds:H01190	hsa:6948
ds:H01738	hsa:369
ds:H01463	hsa:3726
ds:H00538	hsa:26146
ds:H00594	hsa:10020
ds:H01488	hsa:93210
ds:H00102	hsa:715
ds:H00040	hsa:8626
ds:H00015	hsa:5154
ds:H00825	hsa:3075
ds:H01649	hsa:6854
ds:H01891	hsa:51741
ds:H01342	hsa:8504
ds:H00205	hsa:5190
ds:H00995	hsa:79001
ds:H00643	hsa:4487
ds:H01227	hsa:149233
ds:H00701	hsa:7170
ds:H01368	hsa:84334
ds:H01398	hsa:445
ds:H01293	hsa:3060
ds:H00550	hsa:55997
ds:H01027	hsa:3052
ds:H00019	hsa:634
ds:H00605	hsa:494513
ds:H00773	hsa:5813
ds:H00243	hsa:6337
ds:H00058	hsa:9217
ds:H01227	hsa:3588
ds:H00422	hsa:5476
ds:H00717	hsa:1832
ds:H00136	hsa:10577
ds:H00537	hsa:27130
ds:H01668	hsa:567
ds:H00706	hsa:2706
ds:H00003	hsa:5914
ds:H00036	hsa:332
ds:H00261	hsa:80184
ds:H01250	hsa:6654
ds:H00473	hsa:4519
ds:H00600	hsa:8195
ds:H00265	hsa:8518
ds:H00265	hsa:59335
ds:H00751	hsa:79659
ds:H00999	hsa:51117
ds:H01513	hsa:4193
ds:H01340	hsa:1292
ds:H01159	hsa:2301
ds:H00269	hsa:22995
ds:H00053	hsa:6271
ds:H00590	hsa:2218
ds:H00043	hsa:3945
ds:H00480	hsa:170302
ds:H00036	hsa:7157
ds:H00409	hsa:54901
ds:H00728	hsa:783
ds:H00026	hsa:2100
ds:H00219	hsa:2158
ds:H00994	hsa:7503
ds:H01603	hsa:476
ds:H00673	hsa:2200
ds:H01360	hsa:6373
ds:H01894	hsa:27247
ds:H00534	hsa:889
ds:H00016	hsa:4288
ds:H00035	hsa:4267
ds:H00818	hsa:201163
ds:H00527	hsa:26121
ds:H00238	hsa:2175
ds:H00653	hsa:2200
ds:H00104	hsa:1675
ds:H01210	hsa:486
ds:H01657	hsa:57122
ds:H00286	hsa:3587
ds:H00807	hsa:1137
ds:H01511	hsa:64499
ds:H00597	hsa:6611
ds:H01772	hsa:2516
ds:H00773	hsa:2036
ds:H00810	hsa:5538
ds:H00201	hsa:7389
ds:H00773	hsa:1499
ds:H00026	hsa:7157
ds:H00792	hsa:25782
ds:H01492	hsa:3552
ds:H00547	hsa:2697
ds:H00080	hsa:2212
ds:H00344	hsa:3133
ds:H01037	hsa:6092
ds:H00018	hsa:999
ds:H00783	hsa:84059
ds:H00107	hsa:6774
ds:H00664	hsa:7167
ds:H01666	hsa:947
ds:H01911	hsa:55180
ds:H00269	hsa:9662
ds:H00867	hsa:3207
ds:H00108	hsa:356
ds:H00821	hsa:5654
ds:H00598	hsa:54361
ds:H00264	hsa:54332
ds:H01481	hsa:3717
ds:H00455	hsa:367
ds:H00094	hsa:4361
ds:H00207	hsa:5830
ds:H00497	hsa:6452
ds:H00773	hsa:57459
ds:H00908	hsa:9839
ds:H01174	hsa:10653
ds:H00058	hsa:10280
ds:H00802	hsa:1278
ds:H00833	hsa:8398
ds:H00516	hsa:50945
ds:H00564	hsa:10309
ds:H01529	hsa:4846
ds:H00239	hsa:1187
ds:H01903	hsa:113278
ds:H00919	hsa:81031
ds:H00264	hsa:4000
ds:H00891	hsa:119559
ds:H00557	hsa:5832
ds:H00610	hsa:9533
ds:H00408	hsa:59067
ds:H00020	hsa:4089
ds:H00020	hsa:79695
ds:H00481	hsa:8754
ds:H00527	hsa:55812
ds:H00167	hsa:5860
ds:H00215	hsa:6329
ds:H00027	hsa:7276
ds:H00080	hsa:2214
ds:H00481	hsa:57096
ds:H00773	hsa:27245
ds:H00768	hsa:6487
ds:H01095	hsa:64327
ds:H01657	hsa:9688
ds:H00255	hsa:3730
ds:H00419	hsa:857
ds:H00088	hsa:115650
ds:H00069	hsa:5255
ds:H00534	hsa:83605
ds:H01342	hsa:5824
ds:H00063	hsa:6712
ds:H00104	hsa:5199
ds:H00811	hsa:4621
ds:H00846	hsa:7476
ds:H01450	hsa:3356
ds:H00636	hsa:7473
ds:H01621	hsa:2022
ds:H00251	hsa:7173
ds:H00063	hsa:60481
ds:H00649	hsa:3891
ds:H00295	hsa:3119
ds:H00731	hsa:55800
ds:H00251	hsa:389434
ds:H01890	hsa:7867
ds:H01705	hsa:64699
ds:H01911	hsa:113179
ds:H00833	hsa:1356
ds:H00773	hsa:5528
ds:H00480	hsa:4204
ds:H01593	hsa:1278
ds:H01097	hsa:2571
ds:H00605	hsa:374462
ds:H00939	hsa:92579
ds:H00038	hsa:1029
ds:H01310	hsa:57190
ds:H00123	hsa:2588
ds:H00759	hsa:4286
ds:H01673	hsa:3848
ds:H00085	hsa:23507
ds:H00527	hsa:2979
ds:H01307	hsa:343637
ds:H00236	hsa:2034
ds:H00119	hsa:55858
ds:H00003	hsa:2322
ds:H00784	hsa:55806
ds:H00098	hsa:1535
ds:H00664	hsa:5230
ds:H01372	hsa:22861
ds:H01889	hsa:990
ds:H00657	hsa:2273
ds:H00486	hsa:50964
ds:H01470	hsa:7157
ds:H00670	hsa:3889
ds:H00102	hsa:713
ds:H00530	hsa:23322
ds:H00564	hsa:161582
ds:H00031	hsa:5241
ds:H00205	hsa:8504
ds:H00728	hsa:3752
ds:H01892	hsa:54790
ds:H00581	hsa:1287
ds:H00175	hsa:5096
ds:H00080	hsa:2213
ds:H01492	hsa:3553
ds:H01492	hsa:3554
ds:H00590	hsa:57190
ds:H00266	hsa:123606
ds:H00042	hsa:1019
ds:H00410	hsa:5078
ds:H00264	hsa:9927
ds:H00794	hsa:1588
ds:H01450	hsa:4128
ds:H00268	hsa:1641
ds:H00694	hsa:4952
ds:H01354	hsa:5160
ds:H00294	hsa:7112
ds:H01413	hsa:54567
ds:H00044	hsa:1630
ds:H00750	hsa:51360
ds:H00255	hsa:55717
ds:H00292	hsa:4607
ds:H00605	hsa:2697
ds:H00537	hsa:4867
ds:H01065	hsa:51181
ds:H00002	hsa:4298
ds:H01282	hsa:117144
ds:H00625	hsa:80326
ds:H00030	hsa:3265
ds:H01486	hsa:51604
ds:H00493	hsa:10082
ds:H00615	hsa:9313
ds:H01360	hsa:4283
ds:H01097	hsa:9179
ds:H00481	hsa:1406
ds:H00929	hsa:3236
ds:H00038	hsa:3948
ds:H00821	hsa:718
ds:H01885	hsa:10000
ds:H01894	hsa:200205
ds:H00023	hsa:894
ds:H01510	hsa:2271
ds:H01348	hsa:5250
ds:H00109	hsa:201294
ds:H00006	hsa:595
ds:H00530	hsa:9786
ds:H00802	hsa:716
ds:H01482	hsa:3791
ds:H00862	hsa:3067
ds:H01911	hsa:11133
ds:H00026	hsa:2064
ds:H01529	hsa:1280
ds:H00503	hsa:132884
ds:H00242	hsa:6338
ds:H00567	hsa:859
ds:H00504	hsa:2033
ds:H01895	hsa:121278
ds:H00749	hsa:785
ds:H00876	hsa:5395
ds:H00080	hsa:3606
ds:H01667	hsa:8313
ds:H00021	hsa:7424
ds:H00891	hsa:10102
ds:H00197	hsa:158
ds:H01558	hsa:3958
ds:H00114	hsa:2203
ds:H00525	hsa:3032
ds:H00007	hsa:4794
ds:H01577	hsa:2521
ds:H00961	hsa:6935
ds:H01488	hsa:284098
ds:H00992	hsa:51199
ds:H00211	hsa:7036
ds:H00344	hsa:5071
ds:H00479	hsa:5745
ds:H00005	hsa:613
ds:H01294	hsa:554
ds:H01106	hsa:5054
ds:H00072	hsa:10128
ds:H00183	hsa:4524
ds:H00473	hsa:4541
ds:H00294	hsa:7273
ds:H01347	hsa:4566
ds:H00779	hsa:25861
ds:H00069	hsa:5236
ds:H00656	hsa:1674
ds:H00527	hsa:23020
ds:H00962	hsa:165918
ds:H00770	hsa:8292
ds:H00410	hsa:3630
ds:H00269	hsa:9440
ds:H00409	hsa:79068
ds:H00910	hsa:1908
ds:H00020	hsa:7048
ds:H01603	hsa:492
ds:H00237	hsa:6154
ds:H00599	hsa:1584
ds:H01439	hsa:83451
ds:H00268	hsa:1020
ds:H00606	hsa:16
ds:H00063	hsa:146057
ds:H00984	hsa:6890
ds:H00773	hsa:10472
ds:H01368	hsa:6834
ds:H00040	hsa:7157
ds:H01010	hsa:94137
ds:H01555	hsa:1113
ds:H01555	hsa:3265
ds:H00860	hsa:7270
ds:H00663	hsa:4000
ds:H00464	hsa:5000
ds:H00883	hsa:1893
ds:H00473	hsa:55863
ds:H00260	hsa:50940
ds:H00002	hsa:25
ds:H00480	hsa:23096
ds:H00276	hsa:4758
ds:H00015	hsa:286887
ds:H00166	hsa:84062
ds:H00564	hsa:352909
ds:H00530	hsa:79848
ds:H00549	hsa:2657
ds:H00961	hsa:1296
ds:H00069	hsa:2542
ds:H00261	hsa:91147
ds:H00024	hsa:1655
ds:H00751	hsa:57728
ds:H00802	hsa:84627
ds:H00086	hsa:57379
ds:H01891	hsa:55129
ds:H01557	hsa:947
ds:H00018	hsa:7423
ds:H01390	hsa:1890
ds:H01457	hsa:1636
ds:H01126	hsa:6524
ds:H00481	hsa:3000
ds:H01027	hsa:392255
ds:H01483	hsa:3479
ds:H01692	hsa:7248
ds:H00530	hsa:26123
ds:H00905	hsa:153201
ds:H00072	hsa:54704
ds:H01027	hsa:646960
ds:H00231	hsa:6708
ds:H01439	hsa:9569
ds:H00557	hsa:23545
ds:H00010	hsa:4893
ds:H01892	hsa:3417
ds:H00503	hsa:2121
ds:H01489	hsa:284098
ds:H00001	hsa:613
ds:H01251	hsa:7248
ds:H01210	hsa:10686
ds:H00784	hsa:200879
ds:H01439	hsa:8326
ds:H00107	hsa:3702
ds:H00217	hsa:21
ds:H01342	hsa:5828
ds:H01342	hsa:5195
ds:H00942	hsa:3643
ds:H01621	hsa:857
ds:H00255	hsa:55636
ds:H00028	hsa:4609
ds:H01299	hsa:7015
ds:H00003	hsa:5371
ds:H01116	hsa:1121
ds:H00825	hsa:2202
ds:H00093	hsa:8625
ds:H00033	hsa:1028
ds:H00985	hsa:5993
ds:H00423	hsa:2581
ds:H01111	hsa:9563
ds:H01193	hsa:9365
ds:H01640	hsa:2271
ds:H00593	hsa:56983
ds:H00593	hsa:4000
ds:H00810	hsa:4575
ds:H00255	hsa:128674
ds:H01896	hsa:9790
ds:H00777	hsa:4921
ds:H00165	hsa:2184
ds:H01241	hsa:23414
ds:H00610	hsa:51082
ds:H00041	hsa:3845
ds:H00244	hsa:2778
ds:H00063	hsa:6314
ds:H01700	hsa:190
ds:H01159	hsa:145173
ds:H00612	hsa:4909
ds:H00418	hsa:22954
ds:H01728	hsa:5311
ds:H00528	hsa:8092
ds:H00258	hsa:1585
ds:H00157	hsa:116519
ds:H01435	hsa:3921
ds:H00207	hsa:8443
ds:H00249	hsa:5741
ds:H00191	hsa:275
ds:H01039	hsa:2492
ds:H01590	hsa:55755
ds:H00586	hsa:3691
ds:H00201	hsa:7390
ds:H01368	hsa:9997
ds:H00028	hsa:596
ds:H00564	hsa:89765
ds:H00733	hsa:26154
ds:H00059	hsa:3064
ds:H00770	hsa:2673
ds:H01740	hsa:87
ds:H00174	hsa:326625
ds:H00535	hsa:2303
ds:H00545	hsa:5589
ds:H01864	hsa:83550
ds:H00527	hsa:84140
ds:H00020	hsa:4087
ds:H00851	hsa:2192
ds:H00773	hsa:6598
ds:H00267	hsa:6469
ds:H00363	hsa:6772
ds:H00119	hsa:57511
ds:H00174	hsa:25974
ds:H00403	hsa:2067
ds:H00930	hsa:335
ds:H00063	hsa:6310
ds:H01476	hsa:3106
ds:H01657	hsa:7490
ds:H01439	hsa:55695
ds:H01118	hsa:246243
ds:H01504	hsa:3126
ds:H00494	hsa:124583
ds:H00973	hsa:8787
ds:H00768	hsa:23043
ds:H00078	hsa:4137
ds:H01808	hsa:773
ds:H00898	hsa:51067
ds:H00737	hsa:5271
ds:H00890	hsa:50511
ds:H00158	hsa:3931
ds:H00971	hsa:5146
ds:H00007	hsa:4792
ds:H00825	hsa:5959
ds:H01621	hsa:4093
ds:H00979	hsa:81839
ds:H00604	hsa:2706
ds:H01257	hsa:18
ds:H00294	hsa:6331
ds:H00473	hsa:4715
ds:H00512	hsa:9451
ds:H00403	hsa:7507
ds:H00243	hsa:6340
ds:H00135	hsa:5660
ds:H01053	hsa:5277
ds:H00576	hsa:3913
ds:H00271	hsa:8320
ds:H00048	hsa:7157
ds:H00898	hsa:80324
ds:H00063	hsa:3748
ds:H00026	hsa:94025
ds:H00710	hsa:127534
ds:H01110	hsa:201163
ds:H01885	hsa:5290
ds:H01466	hsa:4485
ds:H00830	hsa:2294
ds:H01490	hsa:5133
ds:H00455	hsa:7317
ds:H00473	hsa:4537
ds:H00954	hsa:4166
ds:H00166	hsa:388552
ds:H00934	hsa:8312
ds:H00848	hsa:54840
ds:H00048	hsa:1029
ds:H01306	hsa:57609
ds:H00473	hsa:29078
ds:H00677	hsa:2255
ds:H00418	hsa:92482
ds:H00045	hsa:1113
ds:H01290	hsa:23175
ds:H01202	hsa:1417
ds:H01439	hsa:1364
ds:H00269	hsa:55755
ds:H00063	hsa:25814
ds:H01266	hsa:53630
ds:H00265	hsa:11280
ds:H00048	hsa:5925
ds:H00264	hsa:57449
ds:H01347	hsa:4511
ds:H01222	hsa:6390
ds:H00480	hsa:186
ds:H00700	hsa:1785
ds:H00012	hsa:57126
ds:H01615	hsa:2984
ds:H00066	hsa:6622
ds:H00533	hsa:94
ds:H00091	hsa:916
ds:H00756	hsa:6925
ds:H00606	hsa:60558
ds:H00641	hsa:8626
ds:H00609	hsa:367
ds:H01632	hsa:1158
ds:H01633	hsa:6338
ds:H00178	hsa:2639
ds:H00225	hsa:11093
ds:H00418	hsa:10806
ds:H00902	hsa:93986
ds:H00021	hsa:768
ds:H00537	hsa:51473
ds:H00469	hsa:50484
ds:H00255	hsa:54756
ds:H01463	hsa:355
ds:H01816	hsa:285590
ds:H01510	hsa:1000
ds:H00913	hsa:7080
ds:H01510	hsa:2277
ds:H00103	hsa:727
ds:H00255	hsa:2260
ds:H00606	hsa:64801
ds:H00646	hsa:80326
ds:H01784	hsa:4023
ds:H00563	hsa:2273
ds:H00162	hsa:224
ds:H01079	hsa:26227
ds:H00342	hsa:3123
ds:H00637	hsa:6926
ds:H01854	hsa:8823
ds:H01554	hsa:7157
ds:H00946	hsa:5631
ds:H01738	hsa:6654
ds:H01360	hsa:2302
ds:H00584	hsa:1832
ds:H00732	hsa:7078
ds:H00811	hsa:7140
ds:H00063	hsa:7222
ds:H00730	hsa:6331
ds:H00030	hsa:596
ds:H00219	hsa:2811
ds:H01368	hsa:6341
ds:H00293	hsa:7043
ds:H01202	hsa:23424
ds:H00971	hsa:2780
ds:H00055	hsa:1029
ds:H01468	hsa:3123
ds:H01731	hsa:2332
ds:H00050	hsa:6760
ds:H00482	hsa:5139
ds:H00481	hsa:282809
ds:H00509	hsa:83987
ds:H00082	hsa:3119
ds:H00731	hsa:6331
ds:H00410	hsa:640
ds:H00527	hsa:5145
ds:H01037	hsa:64321
ds:H01456	hsa:1636
ds:H00193	hsa:1806
ds:H00882	hsa:1147
ds:H00048	hsa:3845
ds:H01740	hsa:64241
ds:H00264	hsa:1778
ds:H00118	hsa:7018
ds:H01095	hsa:3239
ds:H01483	hsa:83550
ds:H01512	hsa:909
ds:H00945	hsa:2162
ds:H00948	hsa:116085
ds:H00577	hsa:6853
ds:H01202	hsa:23094
ds:H00787	hsa:6011
ds:H00264	hsa:55526
ds:H00530	hsa:80184
ds:H01038	hsa:85300
ds:H00866	hsa:7737
ds:H00627	hsa:3623
ds:H01118	hsa:1716
ds:H00537	hsa:10806
ds:H00407	hsa:570
ds:H01904	hsa:1349
ds:H01510	hsa:7428
ds:H00959	hsa:29914
ds:H00022	hsa:11186
ds:H00034	hsa:1113
ds:H00995	hsa:2677
ds:H00627	hsa:1730
ds:H00019	hsa:2064
ds:H01887	hsa:78989
ds:H00118	hsa:1798
ds:H00590	hsa:9215
ds:H01221	hsa:7045
ds:H01674	hsa:3106
ds:H00595	hsa:1410
ds:H00948	hsa:56606
ds:H00009	hsa:1029
ds:H00109	hsa:8676
ds:H00627	hsa:3973
ds:H01853	hsa:6578
ds:H00014	hsa:238
ds:H01213	hsa:5244
ds:H01222	hsa:6392
ds:H00106	hsa:3426
ds:H00664	hsa:3098
ds:H00107	hsa:7454
ds:H01762	hsa:178
ds:H00254	hsa:8820
ds:H01358	hsa:11005
ds:H01612	hsa:3717
ds:H00992	hsa:80254
ds:H01400	hsa:2746
ds:H01354	hsa:4695
ds:H01027	hsa:26022
ds:H01109	hsa:112744
ds:H00210	hsa:540
ds:H01736	hsa:2627
ds:H00626	hsa:8542
ds:H00213	hsa:249
ds:H01071	hsa:217
ds:H01040	hsa:2304
ds:H01818	hsa:6323
ds:H01075	hsa:2296
ds:H00467	hsa:8200
ds:H01481	hsa:7307
ds:H00024	hsa:7113
ds:H01762	hsa:3939
ds:H00590	hsa:1293
ds:H00745	hsa:6329
ds:H01740	hsa:5568
ds:H01434	hsa:10878
ds:H01354	hsa:374291
ds:H00869	hsa:8890
ds:H01310	hsa:6261
ds:H00654	hsa:6901
ds:H01554	hsa:94025
ds:H00527	hsa:388939
ds:H00504	hsa:1387
ds:H00035	hsa:197257
ds:H00122	hsa:2132
ds:H01360	hsa:2829
ds:H01347	hsa:4541
ds:H00856	hsa:1639
ds:H00564	hsa:123872
ds:H00271	hsa:80781
ds:H00083	hsa:3108
ds:H00469	hsa:8802
ds:H00436	hsa:28962
ds:H01277	hsa:81693
ds:H00269	hsa:5859
ds:H01513	hsa:4194
ds:H00205	hsa:5193
ds:H00118	hsa:54344
ds:H00731	hsa:4635
ds:H00068	hsa:4508
ds:H00083	hsa:1493
ds:H01746	hsa:340061
ds:H00009	hsa:3948
ds:H01512	hsa:50489
ds:H00509	hsa:23363
ds:H01481	hsa:23451
ds:H00999	hsa:54840
ds:H00523	hsa:369
ds:H01813	hsa:6487
ds:H00068	hsa:4539
ds:H01365	hsa:4537
ds:H00105	hsa:10747
ds:H00058	hsa:5630
ds:H00720	hsa:3759
ds:H00496	hsa:50814
ds:H01732	hsa:7337
ds:H01023	hsa:4089
ds:H00669	hsa:1832
ds:H00264	hsa:1337
ds:H00266	hsa:5354
ds:H00755	hsa:488
ds:H00476	hsa:1311
ds:H01613	hsa:4207
ds:H00786	hsa:147495
ds:H00219	hsa:2157
ds:H00001	hsa:25
ds:H00012	hsa:2056
ds:H01246	hsa:3248
ds:H00080	hsa:3586
ds:H00714	hsa:4014
ds:H01400	hsa:4594
ds:H00269	hsa:6491
ds:H01202	hsa:1412
ds:H00507	hsa:7012
ds:H00773	hsa:3097
ds:H00070	hsa:2582
ds:H01774	hsa:50964
ds:H01760	hsa:178
ds:H00701	hsa:58
ds:H00891	hsa:80222
ds:H00024	hsa:2119
ds:H00080	hsa:3565
ds:H00773	hsa:2902
ds:H00037	hsa:545
ds:H01666	hsa:3265
ds:H00420	hsa:4000
ds:H01134	hsa:6598
ds:H01556	hsa:5728
ds:H00069	hsa:2548
ds:H00783	hsa:6335
ds:H01202	hsa:5080
ds:H00848	hsa:11284
ds:H01481	hsa:6427
ds:H01911	hsa:6884
ds:H00933	hsa:1080
ds:H00101	hsa:5873
ds:H00698	hsa:131377
ds:H01492	hsa:1235
ds:H01342	hsa:5189
ds:H00691	hsa:3858
ds:H00779	hsa:124590
ds:H00586	hsa:3914
ds:H00595	hsa:2318
ds:H00520	hsa:1280
ds:H00046	hsa:7157
ds:H00852	hsa:9573
ds:H00453	hsa:2138
ds:H01891	hsa:255928
ds:H00512	hsa:6833
ds:H00611	hsa:3664
ds:H01709	hsa:3291
ds:H00605	hsa:7007
ds:H01019	hsa:10345
ds:H00768	hsa:9524
ds:H00174	hsa:84693
ds:H00294	hsa:5350
ds:H00243	hsa:4306
ds:H00933	hsa:6690
ds:H00057	hsa:27429
ds:H01371	hsa:1591
ds:H01691	hsa:7249
ds:H00232	hsa:10058
ds:H00872	hsa:4626
ds:H00044	hsa:324
ds:H00505	hsa:2261
ds:H01649	hsa:720
ds:H00101	hsa:60
ds:H00891	hsa:84705
ds:H01439	hsa:7462
ds:H01805	hsa:9652
ds:H00058	hsa:23064
ds:H00149	hsa:1509
ds:H00626	hsa:64423
ds:H01202	hsa:1421
ds:H00020	hsa:4292
ds:H00821	hsa:24
ds:H00811	hsa:4604
ds:H00233	hsa:4627
ds:H00604	hsa:1729
ds:H00766	hsa:9451
ds:H00418	hsa:54903
ds:H00941	hsa:2161
ds:H00022	hsa:7157
ds:H01368	hsa:4513
ds:H01590	hsa:81608
ds:H00063	hsa:343641
ds:H00026	hsa:1499
ds:H01173	hsa:2200
ds:H00564	hsa:27019
ds:H01742	hsa:4040
ds:H00530	hsa:4867
ds:H01909	hsa:208
ds:H00514	hsa:5352
ds:H00570	hsa:7403
ds:H00917	hsa:10661
ds:H00469	hsa:291
ds:H00955	hsa:7045
ds:H00607	hsa:84733
ds:H01118	hsa:11232
ds:H00711	hsa:283120
ds:H00009	hsa:3945
ds:H01699	hsa:7252
ds:H00031	hsa:5054
ds:H01347	hsa:4572
ds:H00034	hsa:6392
ds:H00420	hsa:5346
ds:H00768	hsa:83480
ds:H00124	hsa:3074
ds:H00837	hsa:23746
ds:H00184	hsa:27232
ds:H00525	hsa:1376
ds:H00999	hsa:57017
ds:H00614	hsa:118429
ds:H00632	hsa:7547
ds:H01202	hsa:4094
ds:H00449	hsa:2697
ds:H01492	hsa:7128
ds:H00102	hsa:718
ds:H00773	hsa:7204
ds:H00032	hsa:3265
ds:H01496	hsa:64132
ds:H00031	hsa:595
ds:H00063	hsa:6311
ds:H00063	hsa:5582
ds:H01738	hsa:8216
ds:H00232	hsa:9780
ds:H00014	hsa:11186
ds:H00294	hsa:91624
ds:H00625	hsa:7480
ds:H00613	hsa:1277
ds:H00027	hsa:5290
ds:H01450	hsa:1312
ds:H00456	hsa:2316
ds:H00294	hsa:3113
ds:H00033	hsa:4221
ds:H00018	hsa:7424
ds:H01709	hsa:7422
ds:H01798	hsa:726
ds:H00408	hsa:1493
ds:H00081	hsa:3558
ds:H00837	hsa:64802
ds:H00018	hsa:1950
ds:H00527	hsa:9227
ds:H00344	hsa:4049
ds:H01227	hsa:55054
ds:H00264	hsa:2705
ds:H01911	hsa:84706
ds:H00058	hsa:7415
ds:H01248	hsa:6566
ds:H01897	hsa:347688
ds:H01657	hsa:3913
ds:H00469	hsa:55750
ds:H01272	hsa:9421
ds:H01376	hsa:132884
ds:H00876	hsa:4436
ds:H00895	hsa:8643
ds:H00494	hsa:64131
ds:H00031	hsa:999
ds:H00753	hsa:60495
ds:H01781	hsa:203547
ds:H00700	hsa:274
ds:H00626	hsa:81
ds:H01590	hsa:613
ds:H00271	hsa:22930
ds:H00119	hsa:84342
ds:H00754	hsa:81570
ds:H01859	hsa:538
ds:H00093	hsa:958
ds:H00271	hsa:347733
ds:H00022	hsa:2244
ds:H00837	hsa:7287
ds:H00480	hsa:2182
ds:H00481	hsa:64218
ds:H00831	hsa:8910
ds:H00537	hsa:63929
ds:H00440	hsa:4204
ds:H00266	hsa:10908
ds:H00448	hsa:176
ds:H00810	hsa:1201
ds:H01838	hsa:9343
ds:H01355	hsa:4540
ds:H00856	hsa:8988
ds:H01895	hsa:1816
ds:H00099	hsa:5880
ds:H00845	hsa:2243
ds:H00237	hsa:6231
ds:H01492	hsa:919
ds:H00950	hsa:26276
ds:H01182	hsa:686
ds:H00950	hsa:63894
ds:H00645	hsa:8517
ds:H00719	hsa:3643
ds:H00705	hsa:1180
ds:H00605	hsa:51168
ds:H01162	hsa:196527
ds:H00473	hsa:4719
ds:H01481	hsa:861
ds:H00041	hsa:4609
ds:H00734	hsa:285848
ds:H00124	hsa:3073
ds:H00915	hsa:7249
ds:H01556	hsa:9314
ds:H00612	hsa:10133
ds:H00823	hsa:1910
ds:H00549	hsa:2626
ds:H00106	hsa:722
ds:H00092	hsa:204
ds:H00421	hsa:3423
ds:H00481	hsa:93589
ds:H00408	hsa:3558
ds:H01267	hsa:6833
ds:H00017	hsa:355
ds:H00546	hsa:1482
ds:H00020	hsa:1499
ds:H01843	hsa:6628
ds:H01481	hsa:4893
ds:H00978	hsa:84930
ds:H01208	hsa:83893
ds:H00527	hsa:6100
ds:H00593	hsa:8291
ds:H00091	hsa:5788
ds:H01523	hsa:7454
ds:H00426	hsa:2720
ds:H00969	hsa:7704
ds:H01109	hsa:64581
ds:H01640	hsa:8091
ds:H00021	hsa:4233
ds:H00224	hsa:2815
ds:H00409	hsa:1030
ds:H00063	hsa:4287
ds:H01502	hsa:3663
ds:H01375	hsa:2539
ds:H00578	hsa:4627
ds:H00172	hsa:594
ds:H00109	hsa:5551
ds:H01847	hsa:9939
ds:H01383	hsa:3949
ds:H01657	hsa:8526
ds:H00118	hsa:79053
ds:H00022	hsa:1956
ds:H00066	hsa:120892
ds:H00604	hsa:10804
ds:H00992	hsa:1763
ds:H01242	hsa:10157
ds:H00664	hsa:669
ds:H00564	hsa:54919
ds:H01481	hsa:1788
ds:H01844	hsa:168667
ds:H00156	hsa:348
ds:H01439	hsa:3984
ds:H00294	hsa:4607
ds:H00522	hsa:59341
ds:H00409	hsa:6928
ds:H01556	hsa:6605
ds:H00204	hsa:5189
ds:H01763	hsa:1371
ds:H00269	hsa:55835
ds:H00727	hsa:3198
ds:H00093	hsa:959
ds:H01511	hsa:945
ds:H00892	hsa:6338
ds:H00584	hsa:3852
